num,cell,port,function,safe,ccell,disval,rslt,acio,toggle,differential,pinmap,channel
0,bc_4,*,delay,0,,,,,,,,
1,bc_1,*,control,1,,,,,,,,
2,bc_8,FBRK_OUT_N,bidir,X,1,1,Z,FALSE,TRUE,,try_pin,TRUE
3,bc_1,*,control,1,,,,,,,,
4,bc_8,TRIGGER_OUT,bidir,X,3,1,Z,FALSE,TRUE,,demo_pin,TRUE
5,bc_1,*,control,1,,,,,,,,
6,bc_8,TRIGGER_IN,bidir,X,5,1,Z,FALSE,TRUE,,trigger_in,TRUE
7,bc_1,*,control,1,,,,,,,,
8,bc_8,CRASHLOG_TRIG_N,bidir,X,7,1,Z,FALSE,TRUE,,crashlog_trig_n,TRUE
9,bc_1,*,control,1,,,,,,,,
10,bc_8,PM_SPARE1,bidir,X,9,1,Z,FALSE,TRUE,,pm_spare1,TRUE
11,bc_1,*,control,1,,,,,,,,
12,bc_8,PM_SPARE0,bidir,X,11,1,Z,FALSE,TRUE,,pm_spare0,TRUE
13,bc_1,*,control,1,,,,,,,,
14,bc_8,CPUPWRGD,bidir,X,13,1,Z,FALSE,TRUE,,cpupwrgd,TRUE
15,bc_1,*,control,1,,,,,,,,
16,bc_8,PREQB,bidir,X,15,1,Z,FALSE,TRUE,,preqb,TRUE
17,bc_1,*,control,1,,,,,,,,
18,bc_8,PRDYB,bidir,X,17,1,Z,FALSE,TRUE,,prdyb,TRUE
19,bc_1,*,control,1,,,,,,,,
20,bc_8,GPP_I_16_ISH_GP_11,bidir,X,19,1,Z,FALSE,TRUE,,gpp_i_16_ish_gp_11,TRUE
21,bc_1,*,control,1,,,,,,,,
22,bc_8,GPP_I_15_ISH_I2C0_SCL_ISH_I3C0_SCL,bidir,X,21,1,Z,FALSE,TRUE,,gpp_i_15_ish_i2c0_scl_ish_i3c0_scl,TRUE
23,bc_1,*,control,1,,,,,,,,
24,bc_8,GPP_I_14_ISH_I2C0_SDA_ISH_I3C0_SDA,bidir,X,23,1,Z,FALSE,TRUE,,gpp_i_14_ish_i2c0_sda_ish_i3c0_sda,TRUE
25,bc_1,*,control,1,,,,,,,,
26,bc_8,GPP_I_13_GSPI1_MOSI,bidir,X,25,1,Z,FALSE,TRUE,,gpp_i_13_gspi1_mosi,TRUE
27,bc_1,*,control,1,,,,,,,,
28,bc_8,GPP_I_12_GSPI1_MISO_NFC_CLKREQ,bidir,X,27,1,Z,FALSE,TRUE,,gpp_i_12_gspi1_miso_nfc_clkreq,TRUE
29,bc_1,*,control,1,,,,,,,,
30,bc_8,GPP_I_11_GSPI1_CLK_NFC_CLK,bidir,X,29,1,Z,FALSE,TRUE,,gpp_i_11_gspi1_clk_nfc_clk,TRUE
31,bc_1,*,control,1,,,,,,,,
32,bc_8,GPP_I_10_GSPI1_CS0B,bidir,X,31,1,Z,FALSE,TRUE,,gpp_i_10_gspi1_cs0b,TRUE
33,bc_1,*,control,1,,,,,,,,
34,bc_8,GPP_I_9_GSPI0_MOSI,bidir,X,33,1,Z,FALSE,TRUE,,gpp_i_9_gspi0_mosi,TRUE
35,bc_1,*,control,1,,,,,,,,
36,bc_8,GPP_I_8_GSPI0_MISO,bidir,X,35,1,Z,FALSE,TRUE,,gpp_i_8_gspi0_miso,TRUE
37,bc_1,*,control,1,,,,,,,,
38,bc_8,GPP_I_7_GSPI0_CLK,bidir,X,37,1,Z,FALSE,TRUE,,gpp_i_7_gspi0_clk,TRUE
39,bc_1,*,control,1,,,,,,,,
40,bc_8,GPP_I_6_GSPI0_CS0B,bidir,X,39,1,Z,FALSE,TRUE,,gpp_i_6_gspi0_cs0b,TRUE
41,bc_1,*,control,1,,,,,,,,
42,bc_8,GPP_I_5_I2C1_SCL,bidir,X,41,1,Z,FALSE,TRUE,,gpp_i_5_i2c1_scl,TRUE
43,bc_1,*,control,1,,,,,,,,
44,bc_8,GPP_I_4_I2C1_SDA,bidir,X,43,1,Z,FALSE,TRUE,,gpp_i_4_i2c1_sda,TRUE
45,bc_1,*,control,1,,,,,,,,
46,bc_8,GPP_I_3_I2C0_SCL_I3C0_SCL,bidir,X,45,1,Z,FALSE,TRUE,,gpp_i_3_i2c0_scl_i3c0_scl,TRUE
47,bc_1,*,control,1,,,,,,,,
48,bc_8,GPP_I_2_I2C0_SDA_I3C0_SDA,bidir,X,47,1,Z,FALSE,TRUE,,gpp_i_2_i2c0_sda_i3c0_sda,TRUE
49,bc_1,*,control,1,,,,,,,,
50,bc_8,GPP_I_1_GSPI1_CS1B,bidir,X,49,1,Z,FALSE,TRUE,,gpp_i_1_gspi1_cs1b,TRUE
51,bc_1,*,control,1,,,,,,,,
52,bc_8,GPP_I_0_GSPI0_CS1B,bidir,X,51,1,Z,FALSE,TRUE,,gpp_i_0_gspi0_cs1b,TRUE
53,bc_1,*,internal,1,,,,,,,,
54,bc_1,*,internal,1,,,,,,,,
55,bc_1,*,internal,1,,,,,,,,
56,bc_1,*,internal,1,,,,,,,,
57,bc_1,*,internal,1,,,,,,,,
58,bc_1,*,internal,1,,,,,,,,
59,bc_1,*,internal,1,,,,,,,,
60,bc_1,*,internal,1,,,,,,,,
61,bc_1,*,internal,1,,,,,,,,
62,bc_1,*,internal,1,,,,,,,,
63,bc_1,*,internal,0,,,,,,,,
64,bc_4,*,segment select,1,,,,,,,,
65,bc_4,*,delay,0,,,,,,,,
66,bc_1,*,control,1,,,,,,,,
67,bc_8,DSW_SPARE,bidir,X,66,1,Z,FALSE,TRUE,,dsw_spare,TRUE
68,bc_1,*,control,1,,,,,,,,
69,bc_8,WAKEB,bidir,X,68,1,Z,FALSE,TRUE,,wakeb,TRUE
70,bc_1,*,control,1,,,,,,,,
71,bc_8,SLP_SUSB,bidir,X,70,1,Z,FALSE,TRUE,,slp_susb,TRUE
72,bc_1,*,control,1,,,,,,,,
73,bc_8,SLP_LANB,bidir,X,72,1,Z,FALSE,TRUE,,slp_lanb,TRUE
74,bc_1,*,control,1,,,,,,,,
75,bc_8,GPD_12,bidir,X,74,1,Z,FALSE,TRUE,,gpd_12,TRUE
76,bc_1,*,control,1,,,,,,,,
77,bc_8,GPD_11_LANPHYPC,bidir,X,76,1,Z,FALSE,TRUE,,gpd_11_lanphypc,TRUE
78,bc_1,*,control,1,,,,,,,,
79,bc_8,GPD_10_SLP_S5B,bidir,X,78,1,Z,FALSE,TRUE,,gpd_10_slp_s5b,TRUE
80,bc_1,*,control,1,,,,,,,,
81,bc_8,GPD_9_SLP_WLANB,bidir,X,80,1,Z,FALSE,TRUE,,gpd_9_slp_wlanb,TRUE
82,bc_1,*,control,1,,,,,,,,
83,bc_8,GPD_8_SUSCLK,bidir,X,82,1,Z,FALSE,TRUE,,gpd_8_susclk,TRUE
84,bc_1,*,control,1,,,,,,,,
85,bc_8,GPD_7,bidir,X,84,1,Z,FALSE,TRUE,,gpd_7,TRUE
86,bc_1,*,control,1,,,,,,,,
87,bc_8,GPD_6_SLP_AB,bidir,X,86,1,Z,FALSE,TRUE,,gpd_6_slp_ab,TRUE
88,bc_1,*,control,1,,,,,,,,
89,bc_8,GPD_5_SLP_S4B,bidir,X,88,1,Z,FALSE,TRUE,,gpd_5_slp_s4b,TRUE
90,bc_1,*,control,1,,,,,,,,
91,bc_8,GPD_4_SLP_S3B,bidir,X,90,1,Z,FALSE,TRUE,,gpd_4_slp_s3b,TRUE
92,bc_1,*,control,1,,,,,,,,
93,bc_8,GPD_3_PWRBTNB,bidir,X,92,1,Z,FALSE,TRUE,,gpd_3_pwrbtnb,TRUE
94,bc_1,*,control,1,,,,,,,,
95,bc_8,GPD_2_LAN_WAKEB,bidir,X,94,1,Z,FALSE,TRUE,,gpd_2_lan_wakeb,TRUE
96,bc_1,*,control,1,,,,,,,,
97,bc_8,GPD_1_ACPRESENT,bidir,X,96,1,Z,FALSE,TRUE,,gpd_1_acpresent,TRUE
98,bc_1,*,control,1,,,,,,,,
99,bc_8,GPD_0_BATLOWB,bidir,X,98,1,Z,FALSE,TRUE,,gpd_0_batlowb,TRUE
100,bc_1,*,internal,1,,,,,,,,
101,bc_1,*,internal,0,,,,,,,,
102,bc_4,*,segment select,1,,,,,,,,
103,bc_4,*,delay,0,,,,,,,,
104,bc_4,*,internal,1,,,,,,,,
105,bc_4,RTESTB,input,X,,,,FALSE,FALSE,,rtestb,TRUE
106,bc_4,*,internal,1,,,,,,,,
107,bc_4,RSMRSTB,input,X,,,,FALSE,FALSE,,rsmrstb,TRUE
108,bc_4,*,segment select,1,,,,,,,,
109,bc_4,*,delay,0,,,,,,,,
110,bc_4,*,internal,1,,,,,,,,
111,bc_4,INTRUDERB,input,X,,,,FALSE,FALSE,,intruderb,TRUE
112,bc_4,*,segment select,1,,,,,,,,
113,bc_4,*,delay,0,,,,,,,,
114,bc_1,*,control,1,,,,,,,,
115,bc_8,RESET_SYNCB,bidir,X,114,1,Z,FALSE,TRUE,,reset_syncb,TRUE
116,bc_1,*,control,1,,,,,,,,
117,bc_8,GPP_J_16_GLB_RST_WARN_B,bidir,X,116,1,Z,FALSE,TRUE,,gpp_j_16_glb_rst_warn_b,TRUE
118,bc_1,*,control,1,,,,,,,,
119,bc_8,GPP_J_15_AUX_PWRGD,bidir,X,118,1,Z,FALSE,TRUE,,gpp_j_15_aux_pwrgd,TRUE
120,bc_1,*,control,1,,,,,,,,
121,bc_8,GPP_J_14_HDACPU_BCLK,bidir,X,120,1,Z,FALSE,TRUE,,gpp_j_14_hdacpu_bclk,TRUE
122,bc_1,*,control,1,,,,,,,,
123,bc_8,GPP_J_13_HDACPU_SDO,bidir,X,122,1,Z,FALSE,TRUE,,gpp_j_13_hdacpu_sdo,TRUE
124,bc_1,*,control,1,,,,,,,,
125,bc_8,GPP_J_12_HDACPU_SDI,bidir,X,124,1,Z,FALSE,TRUE,,gpp_j_12_hdacpu_sdi,TRUE
126,bc_1,*,control,1,,,,,,,,
127,bc_8,GPP_J_11_DAM,bidir,X,126,1,Z,FALSE,TRUE,,gpp_j_11_dam,TRUE
128,bc_1,*,control,1,,,,,,,,
129,bc_8,GPP_J_10_BPKI3C_SCL,bidir,X,128,1,Z,FALSE,TRUE,,gpp_j_10_bpki3c_scl,TRUE
130,bc_1,*,control,1,,,,,,,,
131,bc_8,GPP_J_9_BPKI3C_SDA,bidir,X,130,1,Z,FALSE,TRUE,,gpp_j_9_bpki3c_sda,TRUE
132,bc_1,*,control,1,,,,,,,,
133,bc_8,GPP_J_8_RTCCLKOUT,bidir,X,132,1,Z,FALSE,TRUE,,gpp_j_8_rtcclkout,TRUE
134,bc_1,*,control,1,,,,,,,,
135,bc_8,GPP_J_7_BOOTHALT_B,bidir,X,134,1,Z,FALSE,TRUE,,gpp_j_7_boothalt_b,TRUE
136,bc_1,*,control,1,,,,,,,,
137,bc_8,GPP_J_6_CNV_MFUART2_TXD,bidir,X,136,1,Z,FALSE,TRUE,,gpp_j_6_cnv_mfuart2_txd,TRUE
138,bc_1,*,control,1,,,,,,,,
139,bc_8,GPP_J_5_CNV_MFUART2_RXD,bidir,X,138,1,Z,FALSE,TRUE,,gpp_j_5_cnv_mfuart2_rxd,TRUE
140,bc_1,*,control,1,,,,,,,,
141,bc_8,GPP_J_4_CNV_RGI_RSP_UART0_CTSB,bidir,X,140,1,Z,FALSE,TRUE,,gpp_j_4_cnv_rgi_rsp_uart0_ctsb,TRUE
142,bc_1,*,control,1,,,,,,,,
143,bc_8,GPP_J_3_CNV_RGI_DT_UART0_TXD,bidir,X,142,1,Z,FALSE,TRUE,,gpp_j_3_cnv_rgi_dt_uart0_txd,TRUE
144,bc_1,*,control,1,,,,,,,,
145,bc_8,GPP_J_2_CNV_BRI_RSP_UART0_RXD,bidir,X,144,1,Z,FALSE,TRUE,,gpp_j_2_cnv_bri_rsp_uart0_rxd,TRUE
146,bc_1,*,control,1,,,,,,,,
147,bc_8,GPP_J_1_CNV_BRI_DT_UART0_RTSB,bidir,X,146,1,Z,FALSE,TRUE,,gpp_j_1_cnv_bri_dt_uart0_rtsb,TRUE
148,bc_1,*,control,1,,,,,,,,
149,bc_8,GPP_J_0_CNV_PA_BLANKING,bidir,X,148,1,Z,FALSE,TRUE,,gpp_j_0_cnv_pa_blanking,TRUE
150,bc_1,*,control,1,,,,,,,,
151,bc_8,GPP_R_12_ISH_SPI_MOSI_GSPI2_MOSI,bidir,X,150,1,Z,FALSE,TRUE,,gpp_r_12_ish_spi_mosi_gspi2_mosi,TRUE
152,bc_1,*,control,1,,,,,,,,
153,bc_8,GPP_R_11_ISH_SPI_MISO_GSPI2_MISO,bidir,X,152,1,Z,FALSE,TRUE,,gpp_r_11_ish_spi_miso_gspi2_miso,TRUE
154,bc_1,*,control,1,,,,,,,,
155,bc_8,GPP_R_10_ISH_SPI_CLK_GSPI2_CLK,bidir,X,154,1,Z,FALSE,TRUE,,gpp_r_10_ish_spi_clk_gspi2_clk,TRUE
156,bc_1,*,control,1,,,,,,,,
157,bc_8,GPP_R_9_ISH_SPI_CSB_GSPI2_CS0B,bidir,X,156,1,Z,FALSE,TRUE,,gpp_r_9_ish_spi_csb_gspi2_cs0b,TRUE
158,bc_1,*,control,1,,,,,,,,
159,bc_8,GPP_R_8_I2S1_SCLK,bidir,X,158,1,Z,FALSE,TRUE,,gpp_r_8_i2s1_sclk,TRUE
160,bc_1,*,control,1,,,,,,,,
161,bc_8,GPP_R_7_I2S1_SFRM,bidir,X,160,1,Z,FALSE,TRUE,,gpp_r_7_i2s1_sfrm,TRUE
162,bc_1,*,control,1,,,,,,,,
163,bc_8,GPP_R_6_I2S1_TXD,bidir,X,162,1,Z,FALSE,TRUE,,gpp_r_6_i2s1_txd,TRUE
164,bc_1,*,control,1,,,,,,,,
165,bc_8,GPP_R_5_HDA_SDI_1_I2S1_RXD,bidir,X,164,1,Z,FALSE,TRUE,,gpp_r_5_hda_sdi_1_i2s1_rxd,TRUE
166,bc_1,*,control,1,,,,,,,,
167,bc_8,GPP_R_4_HDA_RSTB,bidir,X,166,1,Z,FALSE,TRUE,,gpp_r_4_hda_rstb,TRUE
168,bc_1,*,control,1,,,,,,,,
169,bc_8,GPP_R_3_HDA_SDI_0_I2S0_RXD_HDACPU_SDI,bidir,X,168,1,Z,FALSE,TRUE,,gpp_r_3_hda_sdi_0_i2s0_rxd_hdacpu_sdi,TRUE
170,bc_1,*,control,1,,,,,,,,
171,bc_8,GPP_R_2_HDA_SDO_I2S0_TXD_HDACPU_SDO,bidir,X,170,1,Z,FALSE,TRUE,,gpp_r_2_hda_sdo_i2s0_txd_hdacpu_sdo,TRUE
172,bc_1,*,control,1,,,,,,,,
173,bc_8,GPP_R_1_HDA_SYNC_I2S0_SFRM_DMIC_CLK_B_1,bidir,X,172,1,Z,FALSE,TRUE,,gpp_r_1_hda_sync_i2s0_sfrm_dmic_clk_b_1,TRUE
174,bc_1,*,control,1,,,,,,,,
175,bc_8,GPP_R_0_HDA_BCLK_I2S0_SCLK_HDACPU_BCLK_DMIC_CLK_A_1,bidir,X,174,1,Z,FALSE,TRUE,,gpp_r_0_hda_bclk_i2s0_sclk_hdacpu_bclk_dmic_clk_a_1,TRUE
176,bc_1,*,control,1,,,,,,,,
177,bc_8,GPP_D_23_UART3_CTSB_THC1_SPI2_INTB,bidir,X,176,1,Z,FALSE,TRUE,,gpp_d_23_uart3_ctsb_thc1_spi2_intb,TRUE
178,bc_1,*,control,1,,,,,,,,
179,bc_8,GPP_D_22_UART3_RTSB_THC1_SPI2_RSTB,bidir,X,178,1,Z,FALSE,TRUE,,gpp_d_22_uart3_rtsb_thc1_spi2_rstb,TRUE
180,bc_1,*,control,1,,,,,,,,
181,bc_8,GPP_D_21_UART3_TXD_THC1_SPI2_IO_3,bidir,X,180,1,Z,FALSE,TRUE,,gpp_d_21_uart3_txd_thc1_spi2_io_3,TRUE
182,bc_1,*,control,1,,,,,,,,
183,bc_8,GPP_D_20_UART3_RXD_THC1_SPI2_IO_2,bidir,X,182,1,Z,FALSE,TRUE,,gpp_d_20_uart3_rxd_thc1_spi2_io_2,TRUE
184,bc_1,*,control,1,,,,,,,,
185,bc_8,GPP_D_19_GSPI3_MOSI_THC1_SPI2_IO_1,bidir,X,184,1,Z,FALSE,TRUE,,gpp_d_19_gspi3_mosi_thc1_spi2_io_1,TRUE
186,bc_1,*,control,1,,,,,,,,
187,bc_8,GPP_D_18_GSPI3_MISO_THC1_SPI2_IO_0,bidir,X,186,1,Z,FALSE,TRUE,,gpp_d_18_gspi3_miso_thc1_spi2_io_0,TRUE
188,bc_1,*,control,1,,,,,,,,
189,bc_8,GPP_D_17_GSPI3_CLK_THC1_SPI2_CLK,bidir,X,188,1,Z,FALSE,TRUE,,gpp_d_17_gspi3_clk_thc1_spi2_clk,TRUE
190,bc_1,*,control,1,,,,,,,,
191,bc_8,GPP_D_16_GSPI3_CS0B_THC1_SPI2_CSB,bidir,X,190,1,Z,FALSE,TRUE,,gpp_d_16_gspi3_cs0b_thc1_spi2_csb,TRUE
192,bc_1,*,control,1,,,,,,,,
193,bc_8,GPP_D_15_SML1DATA,bidir,X,192,1,Z,FALSE,TRUE,,gpp_d_15_sml1data,TRUE
194,bc_1,*,control,1,,,,,,,,
195,bc_8,GPP_D_14_SRCCLKREQB_7,bidir,X,194,1,Z,FALSE,TRUE,,gpp_d_14_srcclkreqb_7,TRUE
196,bc_1,*,control,1,,,,,,,,
197,bc_8,GPP_D_13_SRCCLKREQB_6,bidir,X,196,1,Z,FALSE,TRUE,,gpp_d_13_srcclkreqb_6,TRUE
198,bc_1,*,control,1,,,,,,,,
199,bc_8,GPP_D_12_SRCCLKREQB_5,bidir,X,198,1,Z,FALSE,TRUE,,gpp_d_12_srcclkreqb_5,TRUE
200,bc_1,*,control,1,,,,,,,,
201,bc_8,GPP_D_11_SRCCLKREQB_4,bidir,X,200,1,Z,FALSE,TRUE,,gpp_d_11_srcclkreqb_4,TRUE
202,bc_1,*,control,1,,,,,,,,
203,bc_8,GPP_D_10_SML0DATA,bidir,X,202,1,Z,FALSE,TRUE,,gpp_d_10_sml0data,TRUE
204,bc_1,*,control,1,,,,,,,,
205,bc_8,GPP_D_9_SML0CLK,bidir,X,204,1,Z,FALSE,TRUE,,gpp_d_9_sml0clk,TRUE
206,bc_1,*,control,1,,,,,,,,
207,bc_8,GPP_D_8_I2S2_SCLK_DMIC_CLK_A_0,bidir,X,206,1,Z,FALSE,TRUE,,gpp_d_8_i2s2_sclk_dmic_clk_a_0,TRUE
208,bc_1,*,control,1,,,,,,,,
209,bc_8,GPP_D_7_I2S2_RXD_DMIC_DATA_1,bidir,X,208,1,Z,FALSE,TRUE,,gpp_d_7_i2s2_rxd_dmic_data_1,TRUE
210,bc_1,*,control,1,,,,,,,,
211,bc_8,GPP_D_6_I2S2_TXD_MODEM_CLKREQ_DMIC_CLK_B_0,bidir,X,210,1,Z,FALSE,TRUE,,gpp_d_6_i2s2_txd_modem_clkreq_dmic_clk_b_0,TRUE
212,bc_1,*,control,1,,,,,,,,
213,bc_8,GPP_D_5_I2S2_SFRM_CNV_RF_RESET_B_DMIC_DATA_0,bidir,X,212,1,Z,FALSE,TRUE,,gpp_d_5_i2s2_sfrm_cnv_rf_reset_b_dmic_data_0,TRUE
214,bc_1,*,control,1,,,,,,,,
215,bc_8,GPP_D_4_SML1CLK,bidir,X,214,1,Z,FALSE,TRUE,,gpp_d_4_sml1clk,TRUE
216,bc_1,*,control,1,,,,,,,,
217,bc_8,GPP_D_3_SRCCLKREQB_3,bidir,X,216,1,Z,FALSE,TRUE,,gpp_d_3_srcclkreqb_3,TRUE
218,bc_1,*,control,1,,,,,,,,
219,bc_8,GPP_D_2_SRCCLKREQB_2,bidir,X,218,1,Z,FALSE,TRUE,,gpp_d_2_srcclkreqb_2,TRUE
220,bc_1,*,control,1,,,,,,,,
221,bc_8,GPP_D_1_SRCCLKREQB_1,bidir,X,220,1,Z,FALSE,TRUE,,gpp_d_1_srcclkreqb_1,TRUE
222,bc_1,*,control,1,,,,,,,,
223,bc_8,GPP_D_0_SRCCLKREQB_0,bidir,X,222,1,Z,FALSE,TRUE,,gpp_d_0_srcclkreqb_0,TRUE
224,bc_1,*,internal,1,,,,,,,,
225,bc_1,*,internal,1,,,,,,,,
226,bc_1,*,internal,1,,,,,,,,
227,bc_1,*,internal,1,,,,,,,,
228,bc_1,*,internal,1,,,,,,,,
229,bc_1,*,internal,1,,,,,,,,
230,bc_1,*,internal,1,,,,,,,,
231,bc_1,*,internal,1,,,,,,,,
232,bc_1,*,internal,0,,,,,,,,
233,bc_4,*,segment select,1,,,,,,,,
234,bc_4,*,delay,0,,,,,,,,
235,bc_2,CNV_WR_CLKN,input,X,,,,FALSE,FALSE,,cnv_wr_clkn,TRUE
236,bc_2,CNV_WR_CLKP,input,X,,,,FALSE,FALSE,,cnv_wr_clkp,TRUE
237,bc_2,CNV_WR_D1N,input,X,,,,FALSE,FALSE,,cnv_wr_d1n,TRUE
238,bc_2,CNV_WR_D1P,input,X,,,,FALSE,FALSE,,cnv_wr_d1p,TRUE
239,bc_2,CNV_WR_D0N,input,X,,,,FALSE,FALSE,,cnv_wr_d0n,TRUE
240,bc_2,CNV_WR_D0P,input,X,,,,FALSE,FALSE,,cnv_wr_d0p,TRUE
241,bc_2,CNV_WT_CLKP,output2,X,,,,FALSE,FALSE,,cnv_wt_clkp,TRUE
242,bc_2,CNV_WT_CLKN,output2,X,,,,FALSE,FALSE,,cnv_wt_clkn,TRUE
243,bc_2,CNV_WT_D1P,output2,X,,,,FALSE,FALSE,,cnv_wt_d1p,TRUE
244,bc_2,CNV_WT_D1N,output2,X,,,,FALSE,FALSE,,cnv_wt_d1n,TRUE
245,bc_2,CNV_WT_D0P,output2,X,,,,FALSE,FALSE,,cnv_wt_d0p,TRUE
246,bc_2,CNV_WT_D0N,output2,X,,,,FALSE,FALSE,,cnv_wt_d0n,TRUE
247,bc_4,*,segment select,1,,,,,,,,
248,bc_4,*,delay,0,,,,,,,,
249,bc_4,PCIE_16_SATA_3_RXN,observe_only,1,,,,TRUE,FALSE,,pcie_16_sata_3_rxn,TRUE
250,bc_4,PCIE_16_SATA_3_RXP,observe_only,1,,,,TRUE,FALSE,,pcie_16_sata_3_rxp,TRUE
251,AC_1,PCIE_16_SATA_3_TXP,output2,1,,,,TRUE,FALSE,PCIE_16_SATA_3_TXN,pcie_16_sata_3_txp,TRUE
252,bc_4,PCIE_15_SATA_2_LAN_0C_RXN,observe_only,1,,,,TRUE,FALSE,,pcie_15_sata_2_lan_0c_rxn,TRUE
253,bc_4,PCIE_15_SATA_2_LAN_0C_RXP,observe_only,1,,,,TRUE,FALSE,,pcie_15_sata_2_lan_0c_rxp,TRUE
254,AC_1,PCIE_15_SATA_2_LAN_0C_TXP,output2,1,,,,TRUE,FALSE,PCIE_15_SATA_2_LAN_0C_TXN,pcie_15_sata_2_lan_0c_txp,TRUE
255,bc_4,PCIE_14_SATA_1_RXN,observe_only,1,,,,TRUE,FALSE,,pcie_14_sata_1_rxn,TRUE
256,bc_4,PCIE_14_SATA_1_RXP,observe_only,1,,,,TRUE,FALSE,,pcie_14_sata_1_rxp,TRUE
257,AC_1,PCIE_14_SATA_1_TXP,output2,1,,,,TRUE,FALSE,PCIE_14_SATA_1_TXN,pcie_14_sata_1_txp,TRUE
258,bc_4,PCIE_13_SATA_0_RXN,observe_only,1,,,,TRUE,FALSE,,pcie_13_sata_0_rxn,TRUE
259,bc_4,PCIE_13_SATA_0_RXP,observe_only,1,,,,TRUE,FALSE,,pcie_13_sata_0_rxp,TRUE
260,AC_1,PCIE_13_SATA_0_TXP,output2,1,,,,TRUE,FALSE,PCIE_13_SATA_0_TXN,pcie_13_sata_0_txp,TRUE
261,bc_4,PCIE_20_SATA_7_RXN,observe_only,1,,,,TRUE,FALSE,,pcie_20_sata_7_rxn,TRUE
262,bc_4,PCIE_20_SATA_7_RXP,observe_only,1,,,,TRUE,FALSE,,pcie_20_sata_7_rxp,TRUE
263,AC_1,PCIE_20_SATA_7_TXP,output2,1,,,,TRUE,FALSE,PCIE_20_SATA_7_TXN,pcie_20_sata_7_txp,TRUE
264,bc_4,PCIE_19_SATA_6_RXN,observe_only,1,,,,TRUE,FALSE,,pcie_19_sata_6_rxn,TRUE
265,bc_4,PCIE_19_SATA_6_RXP,observe_only,1,,,,TRUE,FALSE,,pcie_19_sata_6_rxp,TRUE
266,AC_1,PCIE_19_SATA_6_TXP,output2,1,,,,TRUE,FALSE,PCIE_19_SATA_6_TXN,pcie_19_sata_6_txp,TRUE
267,bc_4,PCIE_18_SATA_5_RXN,observe_only,1,,,,TRUE,FALSE,,pcie_18_sata_5_rxn,TRUE
268,bc_4,PCIE_18_SATA_5_RXP,observe_only,1,,,,TRUE,FALSE,,pcie_18_sata_5_rxp,TRUE
269,AC_1,PCIE_18_SATA_5_TXP,output2,1,,,,TRUE,FALSE,PCIE_18_SATA_5_TXN,pcie_18_sata_5_txp,TRUE
270,bc_4,PCIE_17_SATA_4_RXN,observe_only,1,,,,TRUE,FALSE,,pcie_17_sata_4_rxn,TRUE
271,bc_4,PCIE_17_SATA_4_RXP,observe_only,1,,,,TRUE,FALSE,,pcie_17_sata_4_rxp,TRUE
272,AC_1,PCIE_17_SATA_4_TXP,output2,1,,,,TRUE,FALSE,PCIE_17_SATA_4_TXN,pcie_17_sata_4_txp,TRUE
273,bc_4,PCIE_12_RXN,observe_only,1,,,,TRUE,FALSE,,pcie_12_rxn,TRUE
274,bc_4,PCIE_12_RXP,observe_only,1,,,,TRUE,FALSE,,pcie_12_rxp,TRUE
275,AC_1,PCIE_12_TXP,output2,1,,,,TRUE,FALSE,PCIE_12_TXN,pcie_12_txp,TRUE
276,bc_4,PCIE_11_RXN,observe_only,1,,,,TRUE,FALSE,,pcie_11_rxn,TRUE
277,bc_4,PCIE_11_RXP,observe_only,1,,,,TRUE,FALSE,,pcie_11_rxp,TRUE
278,AC_1,PCIE_11_TXP,output2,1,,,,TRUE,FALSE,PCIE_11_TXN,pcie_11_txp,TRUE
279,bc_4,PCIE_10_TSN_1_RXN,observe_only,1,,,,TRUE,FALSE,,pcie_10_tsn_1_rxn,TRUE
280,bc_4,PCIE_10_TSN_1_RXP,observe_only,1,,,,TRUE,FALSE,,pcie_10_tsn_1_rxp,TRUE
281,AC_1,PCIE_10_TSN_1_TXP,output2,1,,,,TRUE,FALSE,PCIE_10_TSN_1_TXN,pcie_10_tsn_1_txp,TRUE
282,bc_4,PCIE_9_TSN_0_RXN,observe_only,1,,,,TRUE,FALSE,,pcie_9_tsn_0_rxn,TRUE
283,bc_4,PCIE_9_TSN_0_RXP,observe_only,1,,,,TRUE,FALSE,,pcie_9_tsn_0_rxp,TRUE
284,AC_1,PCIE_9_TSN_0_TXP,output2,1,,,,TRUE,FALSE,PCIE_9_TSN_0_TXN,pcie_9_tsn_0_txp,TRUE
285,bc_4,PCIE_8_RXN,observe_only,1,,,,TRUE,FALSE,,pcie_8_rxn,TRUE
286,bc_4,PCIE_8_RXP,observe_only,1,,,,TRUE,FALSE,,pcie_8_rxp,TRUE
287,AC_1,PCIE_8_TXP,output2,1,,,,TRUE,FALSE,PCIE_8_TXN,pcie_8_txp,TRUE
288,bc_4,PCIE_7_LAN_0B_RXN,observe_only,1,,,,TRUE,FALSE,,pcie_7_lan_0b_rxn,TRUE
289,bc_4,PCIE_7_LAN_0B_RXP,observe_only,1,,,,TRUE,FALSE,,pcie_7_lan_0b_rxp,TRUE
290,AC_1,PCIE_7_LAN_0B_TXP,output2,1,,,,TRUE,FALSE,PCIE_7_LAN_0B_TXN,pcie_7_lan_0b_txp,TRUE
291,bc_4,PCIE_6_RXN,observe_only,1,,,,TRUE,FALSE,,pcie_6_rxn,TRUE
292,bc_4,PCIE_6_RXP,observe_only,1,,,,TRUE,FALSE,,pcie_6_rxp,TRUE
293,AC_1,PCIE_6_TXP,output2,1,,,,TRUE,FALSE,PCIE_6_TXN,pcie_6_txp,TRUE
294,bc_4,PCIE_5_RXN,observe_only,1,,,,TRUE,FALSE,,pcie_5_rxn,TRUE
295,bc_4,PCIE_5_RXP,observe_only,1,,,,TRUE,FALSE,,pcie_5_rxp,TRUE
296,AC_1,PCIE_5_TXP,output2,1,,,,TRUE,FALSE,PCIE_5_TXN,pcie_5_txp,TRUE
297,bc_4,PCIE_4_RXN,observe_only,1,,,,TRUE,FALSE,,pcie_4_rxn,TRUE
298,bc_4,PCIE_4_RXP,observe_only,1,,,,TRUE,FALSE,,pcie_4_rxp,TRUE
299,AC_1,PCIE_4_TXP,output2,1,,,,TRUE,FALSE,PCIE_4_TXN,pcie_4_txp,TRUE
300,bc_4,PCIE_3_LAN_0A_RXN,observe_only,1,,,,TRUE,FALSE,,pcie_3_lan_0a_rxn,TRUE
301,bc_4,PCIE_3_LAN_0A_RXP,observe_only,1,,,,TRUE,FALSE,,pcie_3_lan_0a_rxp,TRUE
302,AC_1,PCIE_3_LAN_0A_TXP,output2,1,,,,TRUE,FALSE,PCIE_3_LAN_0A_TXN,pcie_3_lan_0a_txp,TRUE
303,bc_4,PCIE_2_RXN,observe_only,1,,,,TRUE,FALSE,,pcie_2_rxn,TRUE
304,bc_4,PCIE_2_RXP,observe_only,1,,,,TRUE,FALSE,,pcie_2_rxp,TRUE
305,AC_1,PCIE_2_TXP,output2,1,,,,TRUE,FALSE,PCIE_2_TXN,pcie_2_txp,TRUE
306,bc_4,PCIE_1_RXN,observe_only,1,,,,TRUE,FALSE,,pcie_1_rxn,TRUE
307,bc_4,PCIE_1_RXP,input,1,,,,TRUE,FALSE,pcie_1_rxn,pcie_1_rxp,TRUE
308,AC_1,PCIE_1_TXP,output2,1,,,,TRUE,FALSE,PCIE_1_TXN,pcie_1_txp,TRUE
309,bc_4,*,segment select,1,,,,,,,,
310,bc_4,*,power,1,,,,,,,,
311,bc_4,*,delay,0,,,,,,,,
312,bc_1,*,control,1,,,,,,,,
313,bc_8,GPP_F_23_IEH_NONFATAL_ERR1B,bidir,X,312,1,Z,FALSE,TRUE,,gpp_f_23_ieh_nonfatal_err1b,TRUE
314,bc_1,*,control,1,,,,,,,,
315,bc_8,GPP_F_22_IEH_CORR_ERR0B,bidir,X,314,1,Z,FALSE,TRUE,,gpp_f_22_ieh_corr_err0b,TRUE
316,bc_1,*,control,1,,,,,,,,
317,bc_8,GPP_F_21_GMII_MDIO_0,bidir,X,316,1,Z,FALSE,TRUE,,gpp_f_21_gmii_mdio_0,TRUE
318,bc_1,*,control,1,,,,,,,,
319,bc_8,GPP_F_20_GMII_MDC_0,bidir,X,318,1,Z,FALSE,TRUE,,gpp_f_20_gmii_mdc_0,TRUE
320,bc_1,*,control,1,,,,,,,,
321,bc_8,GPP_F_19_DNX_FORCE_RELOAD,bidir,X,320,1,Z,FALSE,TRUE,,gpp_f_19_dnx_force_reload,TRUE
322,bc_1,*,control,1,,,,,,,,
323,bc_8,GPP_F_18,bidir,X,322,1,Z,FALSE,TRUE,,gpp_f_18,TRUE
324,bc_1,*,control,1,,,,,,,,
325,bc_8,GPP_F_17,bidir,X,324,1,Z,FALSE,TRUE,,gpp_f_17,TRUE
326,bc_1,*,control,1,,,,,,,,
327,bc_8,GPP_F_16,bidir,X,326,1,Z,FALSE,TRUE,,gpp_f_16,TRUE
328,bc_1,*,control,1,,,,,,,,
329,bc_8,GPP_F_15,bidir,X,328,1,Z,FALSE,TRUE,,gpp_f_15,TRUE
330,bc_1,*,control,1,,,,,,,,
331,bc_8,GPP_F_14,bidir,X,330,1,Z,FALSE,TRUE,,gpp_f_14,TRUE
332,bc_1,*,control,1,,,,,,,,
333,bc_8,GPP_F_13_SATA_SDATAOUT0_DIR_ESPI_SCI,bidir,X,332,1,Z,FALSE,TRUE,,gpp_f_13_sata_sdataout0_dir_espi_sci,TRUE
334,bc_1,*,control,1,,,,,,,,
335,bc_8,GPP_F_12_SATA_SDATAOUT1_DIR_ESPI_WAKE,bidir,X,334,1,Z,FALSE,TRUE,,gpp_f_12_sata_sdataout1_dir_espi_wake,TRUE
336,bc_1,*,control,1,,,,,,,,
337,bc_8,GPP_F_11_SATA_SLOAD_DIR_ESPI_IRQ,bidir,X,336,1,Z,FALSE,TRUE,,gpp_f_11_sata_sload_dir_espi_irq,TRUE
338,bc_1,*,control,1,,,,,,,,
339,bc_8,GPP_F_10_SATA_SCLOCK_DIR_ESPI_NMI,bidir,X,338,1,Z,FALSE,TRUE,,gpp_f_10_sata_sclock_dir_espi_nmi,TRUE
340,bc_1,*,control,1,,,,,,,,
341,bc_8,GPP_F_9_SATA_DEVSLP_7_DIR_ESPI_SMI,bidir,X,340,1,Z,FALSE,TRUE,,gpp_f_9_sata_devslp_7_dir_espi_smi,TRUE
342,bc_1,*,control,1,,,,,,,,
343,bc_8,GPP_F_8_SATA_DEVSLP_6,bidir,X,342,1,Z,FALSE,TRUE,,gpp_f_8_sata_devslp_6,TRUE
344,bc_1,*,control,1,,,,,,,,
345,bc_8,GPP_F_7_SATA_DEVSLP_5,bidir,X,344,1,Z,FALSE,TRUE,,gpp_f_7_sata_devslp_5,TRUE
346,bc_1,*,control,1,,,,,,,,
347,bc_8,GPP_F_6_SATA_DEVSLP_4,bidir,X,346,1,Z,FALSE,TRUE,,gpp_f_6_sata_devslp_4,TRUE
348,bc_1,*,control,1,,,,,,,,
349,bc_8,GPP_F_5_SATA_DEVSLP_3,bidir,X,348,1,Z,FALSE,TRUE,,gpp_f_5_sata_devslp_3,TRUE
350,bc_1,*,control,1,,,,,,,,
351,bc_8,GPP_F_4_SATAXPCIE_7_SATAGP_7,bidir,X,350,1,Z,FALSE,TRUE,,gpp_f_4_sataxpcie_7_satagp_7,TRUE
352,bc_1,*,control,1,,,,,,,,
353,bc_8,GPP_F_3_SATAXPCIE_6_SATAGP_6,bidir,X,352,1,Z,FALSE,TRUE,,gpp_f_3_sataxpcie_6_satagp_6,TRUE
354,bc_1,*,control,1,,,,,,,,
355,bc_8,GPP_F_2_SATAXPCIE_5_SATAGP_5,bidir,X,354,1,Z,FALSE,TRUE,,gpp_f_2_sataxpcie_5_satagp_5,TRUE
356,bc_1,*,control,1,,,,,,,,
357,bc_8,GPP_F_1_SATAXPCIE_4_SATAGP_4,bidir,X,356,1,Z,FALSE,TRUE,,gpp_f_1_sataxpcie_4_satagp_4,TRUE
358,bc_1,*,control,1,,,,,,,,
359,bc_8,GPP_F_0_SATAXPCIE_3_SATAGP_3,bidir,X,358,1,Z,FALSE,TRUE,,gpp_f_0_sataxpcie_3_satagp_3,TRUE
360,bc_1,*,control,1,,,,,,,,
361,bc_8,MLK_RSTB,bidir,X,360,1,Z,FALSE,TRUE,,mlk_rstb,TRUE
362,bc_1,*,control,1,,,,,,,,
363,bc_8,SYS_RESETB,bidir,X,362,1,Z,FALSE,TRUE,,sys_resetb,TRUE
364,bc_1,*,control,1,,,,,,,,
365,bc_8,MISC_SPARE,bidir,X,364,1,Z,FALSE,TRUE,,misc_spare,TRUE
366,bc_1,*,control,1,,,,,,,,
367,bc_8,GPP_K_10_FUSE_SORT_BUMP_2,bidir,X,366,1,Z,FALSE,TRUE,,gpp_k_10_fuse_sort_bump_2,TRUE
368,bc_1,*,control,1,,,,,,,,
369,bc_8,GPP_K_9_CORE_VID_1,bidir,X,368,1,Z,FALSE,TRUE,,gpp_k_9_core_vid_1,TRUE
370,bc_1,*,control,1,,,,,,,,
371,bc_8,GPP_K_8_CORE_VID_0,bidir,X,370,1,Z,FALSE,TRUE,,gpp_k_8_core_vid_0,TRUE
372,bc_1,*,control,1,,,,,,,,
373,bc_8,GPP_K_7_FUSE_SORT_BUMP_1,bidir,X,372,1,Z,FALSE,TRUE,,gpp_k_7_fuse_sort_bump_1,TRUE
374,bc_1,*,control,1,,,,,,,,
375,bc_8,GPP_K_6_FUSE_SORT_BUMP_0,bidir,X,374,1,Z,FALSE,TRUE,,gpp_k_6_fuse_sort_bump_0,TRUE
376,bc_1,*,control,1,,,,,,,,
377,bc_8,GPP_K_5_ADR_COMPLETE,bidir,X,376,1,Z,FALSE,TRUE,,gpp_k_5_adr_complete,TRUE
378,bc_1,*,control,1,,,,,,,,
379,bc_8,GPP_K_4_GSXCLK,bidir,X,378,1,Z,FALSE,TRUE,,gpp_k_4_gsxclk,TRUE
380,bc_1,*,control,1,,,,,,,,
381,bc_8,GPP_K_3_GSXSRESETB,bidir,X,380,1,Z,FALSE,TRUE,,gpp_k_3_gsxsresetb,TRUE
382,bc_1,*,control,1,,,,,,,,
383,bc_8,GPP_K_2_GSXDIN,bidir,X,382,1,Z,FALSE,TRUE,,gpp_k_2_gsxdin,TRUE
384,bc_1,*,control,1,,,,,,,,
385,bc_8,GPP_K_1_GSXSLOAD,bidir,X,384,1,Z,FALSE,TRUE,,gpp_k_1_gsxsload,TRUE
386,bc_1,*,control,1,,,,,,,,
387,bc_8,GPP_K_0_GSXDOUT,bidir,X,386,1,Z,FALSE,TRUE,,gpp_k_0_gsxdout,TRUE
388,bc_1,*,control,1,,,,,,,,
389,bc_8,GPP_E_21_ISH_UART0_CTSB_SML0BALERTB,bidir,X,388,1,Z,FALSE,TRUE,,gpp_e_21_ish_uart0_ctsb_sml0balertb,TRUE
390,bc_1,*,control,1,,,,,,,,
391,bc_8,GPP_E_20_THC0_SPI1_INTB,bidir,X,390,1,Z,FALSE,TRUE,,gpp_e_20_thc0_spi1_intb,TRUE
392,bc_1,*,control,1,,,,,,,,
393,bc_8,GPP_E_19_THC0_SPI1_RSTB,bidir,X,392,1,Z,FALSE,TRUE,,gpp_e_19_thc0_spi1_rstb,TRUE
394,bc_1,*,control,1,,,,,,,,
395,bc_8,GPP_E_18_THC0_SPI1_IO_3,bidir,X,394,1,Z,FALSE,TRUE,,gpp_e_18_thc0_spi1_io_3,TRUE
396,bc_1,*,control,1,,,,,,,,
397,bc_8,GPP_E_17_THC0_SPI1_IO_2,bidir,X,396,1,Z,FALSE,TRUE,,gpp_e_17_thc0_spi1_io_2,TRUE
398,bc_1,*,control,1,,,,,,,,
399,bc_8,GPP_E_16_THC0_SPI1_IO_0,bidir,X,398,1,Z,FALSE,TRUE,,gpp_e_16_thc0_spi1_io_0,TRUE
400,bc_1,*,control,1,,,,,,,,
401,bc_8,GPP_E_15_THC0_SPI1_IO_1,bidir,X,400,1,Z,FALSE,TRUE,,gpp_e_15_thc0_spi1_io_1,TRUE
402,bc_1,*,control,1,,,,,,,,
403,bc_8,GPP_E_14_THC0_SPI1_CLK,bidir,X,402,1,Z,FALSE,TRUE,,gpp_e_14_thc0_spi1_clk,TRUE
404,bc_1,*,control,1,,,,,,,,
405,bc_8,GPP_E_13_THC0_SPI1_CSB,bidir,X,404,1,Z,FALSE,TRUE,,gpp_e_13_thc0_spi1_csb,TRUE
406,bc_1,*,control,1,,,,,,,,
407,bc_8,GPP_E_12_ISH_GP_10,bidir,X,406,1,Z,FALSE,TRUE,,gpp_e_12_ish_gp_10,TRUE
408,bc_1,*,control,1,,,,,,,,
409,bc_8,GPP_E_11_ISH_GP_9,bidir,X,408,1,Z,FALSE,TRUE,,gpp_e_11_ish_gp_9,TRUE
410,bc_1,*,control,1,,,,,,,,
411,bc_8,GPP_E_10_SRCCLKREQB_13,bidir,X,410,1,Z,FALSE,TRUE,,gpp_e_10_srcclkreqb_13,TRUE
412,bc_1,*,control,1,,,,,,,,
413,bc_8,GPP_E_9_SRCCLKREQB_12,bidir,X,412,1,Z,FALSE,TRUE,,gpp_e_9_srcclkreqb_12,TRUE
414,bc_1,*,control,1,,,,,,,,
415,bc_8,GPP_E_8_SATA_LEDB,bidir,X,414,1,Z,FALSE,TRUE,,gpp_e_8_sata_ledb,TRUE
416,bc_1,*,control,1,,,,,,,,
417,bc_8,GPP_E_7_CPU_GP_1,bidir,X,416,1,Z,FALSE,TRUE,,gpp_e_7_cpu_gp_1,TRUE
418,bc_1,*,control,1,,,,,,,,
419,bc_8,GPP_E_6_SATA_DEVSLP_2,bidir,X,418,1,Z,FALSE,TRUE,,gpp_e_6_sata_devslp_2,TRUE
420,bc_1,*,control,1,,,,,,,,
421,bc_8,GPP_E_5_SATA_DEVSLP_1,bidir,X,420,1,Z,FALSE,TRUE,,gpp_e_5_sata_devslp_1,TRUE
422,bc_1,*,control,1,,,,,,,,
423,bc_8,GPP_E_4_SATA_DEVSLP_0,bidir,X,422,1,Z,FALSE,TRUE,,gpp_e_4_sata_devslp_0,TRUE
424,bc_1,*,control,1,,,,,,,,
425,bc_8,GPP_E_3_CPU_GP_0,bidir,X,424,1,Z,FALSE,TRUE,,gpp_e_3_cpu_gp_0,TRUE
426,bc_1,*,control,1,,,,,,,,
427,bc_8,GPP_E_2_SATAXPCIE_2_SATAGP_2,bidir,X,426,1,Z,FALSE,TRUE,,gpp_e_2_sataxpcie_2_satagp_2,TRUE
428,bc_1,*,control,1,,,,,,,,
429,bc_8,GPP_E_1_SATAXPCIE_1_SATAGP_1,bidir,X,428,1,Z,FALSE,TRUE,,gpp_e_1_sataxpcie_1_satagp_1,TRUE
430,bc_1,*,control,1,,,,,,,,
431,bc_8,GPP_E_0_SATAXPCIE_0_SATAGP_0,bidir,X,430,1,Z,FALSE,TRUE,,gpp_e_0_sataxpcie_0_satagp_0,TRUE
432,bc_1,*,control,1,,,,,,,,
433,bc_8,GPP_S_7_SNDW3_DATA_DMIC_DATA_1_RGMII_PPS_1,bidir,X,432,1,Z,FALSE,TRUE,,gpp_s_7_sndw3_data_dmic_data_1_rgmii_pps_1,TRUE
434,bc_1,*,control,1,,,,,,,,
435,bc_8,GPP_S_6_SNDW3_CLK_DMIC_CLK_A_1_RGMII_RESET_1,bidir,X,434,1,Z,FALSE,TRUE,,gpp_s_6_sndw3_clk_dmic_clk_a_1_rgmii_reset_1,TRUE
436,bc_1,*,control,1,,,,,,,,
437,bc_8,GPP_S_5_SNDW2_DATA_DMIC_CLK_B_1_RGMII_INT_1,bidir,X,436,1,Z,FALSE,TRUE,,gpp_s_5_sndw2_data_dmic_clk_b_1_rgmii_int_1,TRUE
438,bc_1,*,control,1,,,,,,,,
439,bc_8,GPP_S_4_SNDW2_CLK_DMIC_CLK_B_0_RGMII_AUXTS_1_SNDW0_DATA3,bidir,X,438,1,Z,FALSE,TRUE,,gpp_s_4_sndw2_clk_dmic_clk_b_0_rgmii_auxts_1_sndw0_data3,TRUE
440,bc_1,*,control,1,,,,,,,,
441,bc_8,GPP_S_3_SNDW1_DATA_DMIC_DATA_0_RGMII_PPS_0_SNDW0_DATA2,bidir,X,440,1,Z,FALSE,TRUE,,gpp_s_3_sndw1_data_dmic_data_0_rgmii_pps_0_sndw0_data2,TRUE
442,bc_1,*,control,1,,,,,,,,
443,bc_8,GPP_S_2_SNDW1_CLK_DMIC_CLK_A_0_RGMII_RESET_0_SNDW0_DATA1,bidir,X,442,1,Z,FALSE,TRUE,,gpp_s_2_sndw1_clk_dmic_clk_a_0_rgmii_reset_0_sndw0_data1,TRUE
444,bc_1,*,control,1,,,,,,,,
445,bc_8,GPP_S_1_SNDW0_DATA0_RGMII_INT_0,bidir,X,444,1,Z,FALSE,TRUE,,gpp_s_1_sndw0_data0_rgmii_int_0,TRUE
446,bc_1,*,control,1,,,,,,,,
447,bc_8,GPP_S_0_SNDW0_CLK_RGMII_AUXTS_0,bidir,X,446,1,Z,FALSE,TRUE,,gpp_s_0_sndw0_clk_rgmii_auxts_0,TRUE
448,bc_1,*,internal,1,,,,,,,,
449,bc_1,*,internal,1,,,,,,,,
450,bc_1,*,internal,1,,,,,,,,
451,bc_1,*,internal,1,,,,,,,,
452,bc_1,*,internal,1,,,,,,,,
453,bc_1,*,internal,1,,,,,,,,
454,bc_1,*,internal,1,,,,,,,,
455,bc_1,*,internal,0,,,,,,,,
456,bc_4,*,segment select,1,,,,,,,,
457,bc_4,*,delay,0,,,,,,,,
458,bc_1,*,control,0,,,,,,,,
459,bc_8,MLK_RSTB_UNUSED,bidir,X,458,0,Z,FALSE,TRUE,,mlk_rstb_unused,TRUE
460,bc_1,*,control,0,,,,,,,,
461,bc_8,MLK_DATA,bidir,X,460,0,Z,FALSE,TRUE,,mlk_data,TRUE
462,bc_1,*,control,0,,,,,,,,
463,bc_8,MLK_CLK,bidir,X,462,0,Z,FALSE,TRUE,,mlk_clk,TRUE
464,bc_4,*,segment select,1,,,,,,,,
465,bc_4,*,delay,0,,,,,,,,
466,bc_1,*,control,1,,,,,,,,
467,bc_8,GPP_C_23_UART2_CTSB_CNV_MFUART0_CTS_B,bidir,X,466,1,Z,FALSE,TRUE,,gpp_c_23_uart2_ctsb_cnv_mfuart0_cts_b,TRUE
468,bc_1,*,control,1,,,,,,,,
469,bc_8,GPP_C_22_UART2_RTSB_CNV_MFUART0_RTS_B,bidir,X,468,1,Z,FALSE,TRUE,,gpp_c_22_uart2_rtsb_cnv_mfuart0_rts_b,TRUE
470,bc_1,*,control,1,,,,,,,,
471,bc_8,GPP_C_21_UART2_TXD_CNV_MFUART0_TXD,bidir,X,470,1,Z,FALSE,TRUE,,gpp_c_21_uart2_txd_cnv_mfuart0_txd,TRUE
472,bc_1,*,control,1,,,,,,,,
473,bc_8,GPP_C_20_UART2_RXD_CNV_MFUART0_RXD,bidir,X,472,1,Z,FALSE,TRUE,,gpp_c_20_uart2_rxd_cnv_mfuart0_rxd,TRUE
474,bc_1,*,control,1,,,,,,,,
475,bc_8,GPP_C_19_USB2_OCB_7_I2C5_SCL,bidir,X,474,1,Z,FALSE,TRUE,,gpp_c_19_usb2_ocb_7_i2c5_scl,TRUE
476,bc_1,*,control,1,,,,,,,,
477,bc_8,GPP_C_18_USB2_OCB_6_I2C5_SDA,bidir,X,476,1,Z,FALSE,TRUE,,gpp_c_18_usb2_ocb_6_i2c5_sda,TRUE
478,bc_1,*,control,1,,,,,,,,
479,bc_8,GPP_C_17_USB2_OCB_5_I2C4_SCL,bidir,X,478,1,Z,FALSE,TRUE,,gpp_c_17_usb2_ocb_5_i2c4_scl,TRUE
480,bc_1,*,control,1,,,,,,,,
481,bc_8,GPP_C_16_USB2_OCB_4_I2C4_SDA,bidir,X,480,1,Z,FALSE,TRUE,,gpp_c_16_usb2_ocb_4_i2c4_sda,TRUE
482,bc_1,*,control,1,,,,,,,,
483,bc_8,GPP_C_15_UART1_CTSB_ISH_UART1_CTSB,bidir,X,482,1,Z,FALSE,TRUE,,gpp_c_15_uart1_ctsb_ish_uart1_ctsb,TRUE
484,bc_1,*,control,1,,,,,,,,
485,bc_8,GPP_C_14_UART1_RTSB_ISH_UART1_RTSB,bidir,X,484,1,Z,FALSE,TRUE,,gpp_c_14_uart1_rtsb_ish_uart1_rtsb,TRUE
486,bc_1,*,control,1,,,,,,,,
487,bc_8,GPP_C_13_UART1_TXD_ISH_UART1_TXD,bidir,X,486,1,Z,FALSE,TRUE,,gpp_c_13_uart1_txd_ish_uart1_txd,TRUE
488,bc_1,*,control,1,,,,,,,,
489,bc_8,GPP_C_12_UART1_RXD_ISH_UART1_RXD,bidir,X,488,1,Z,FALSE,TRUE,,gpp_c_12_uart1_rxd_ish_uart1_rxd,TRUE
490,bc_1,*,control,1,,,,,,,,
491,bc_8,GPP_C_11_UART0_CTSB,bidir,X,490,1,Z,FALSE,TRUE,,gpp_c_11_uart0_ctsb,TRUE
492,bc_1,*,control,1,,,,,,,,
493,bc_8,GPP_C_10_UART0_RTSB,bidir,X,492,1,Z,FALSE,TRUE,,gpp_c_10_uart0_rtsb,TRUE
494,bc_1,*,control,1,,,,,,,,
495,bc_8,GPP_C_9_UART0_TXD,bidir,X,494,1,Z,FALSE,TRUE,,gpp_c_9_uart0_txd,TRUE
496,bc_1,*,control,1,,,,,,,,
497,bc_8,GPP_C_8_UART0_RXD,bidir,X,496,1,Z,FALSE,TRUE,,gpp_c_8_uart0_rxd,TRUE
498,bc_1,*,control,1,,,,,,,,
499,bc_8,GPP_C_7_ISH_I2C2_SCL_I2C3_SCL,bidir,X,498,1,Z,FALSE,TRUE,,gpp_c_7_ish_i2c2_scl_i2c3_scl,TRUE
500,bc_1,*,control,1,,,,,,,,
501,bc_8,GPP_C_6_ISH_I2C2_SDA_I2C3_SDA,bidir,X,500,1,Z,FALSE,TRUE,,gpp_c_6_ish_i2c2_sda_i2c3_sda,TRUE
502,bc_1,*,control,1,,,,,,,,
503,bc_8,GPP_C_5_SML0ALERTB,bidir,X,502,1,Z,FALSE,TRUE,,gpp_c_5_sml0alertb,TRUE
504,bc_1,*,control,1,,,,,,,,
505,bc_8,GPP_C_4_ISH_UART0_TXD_SML0BCLK_I2C2_SCL,bidir,X,504,1,Z,FALSE,TRUE,,gpp_c_4_ish_uart0_txd_sml0bclk_i2c2_scl,TRUE
506,bc_1,*,control,1,,,,,,,,
507,bc_8,GPP_C_3_ISH_UART0_RXD_SML0BDATA_I2C2_SDA,bidir,X,506,1,Z,FALSE,TRUE,,gpp_c_3_ish_uart0_rxd_sml0bdata_i2c2_sda,TRUE
508,bc_1,*,control,1,,,,,,,,
509,bc_8,GPP_C_2_SMBALERTB,bidir,X,508,1,Z,FALSE,TRUE,,gpp_c_2_smbalertb,TRUE
510,bc_1,*,control,1,,,,,,,,
511,bc_8,GPP_C_1_SMBDATA,bidir,X,510,1,Z,FALSE,TRUE,,gpp_c_1_smbdata,TRUE
512,bc_1,*,control,1,,,,,,,,
513,bc_8,GPP_C_0_SMBCLK,bidir,X,512,1,Z,FALSE,TRUE,,gpp_c_0_smbclk,TRUE
514,bc_1,*,control,1,,,,,,,,
515,bc_8,GPP_H_19_ISH_I2C1_SCL_NMIB,bidir,X,514,1,Z,FALSE,TRUE,,gpp_h_19_ish_i2c1_scl_nmib,TRUE
516,bc_1,*,control,1,,,,,,,,
517,bc_8,GPP_H_18_ISH_I2C1_SDA_SMIB,bidir,X,516,1,Z,FALSE,TRUE,,gpp_h_18_ish_i2c1_sda_smib,TRUE
518,bc_1,*,control,1,,,,,,,,
519,bc_8,GPP_H_17_SML4ALERTB,bidir,X,518,1,Z,FALSE,TRUE,,gpp_h_17_sml4alertb,TRUE
520,bc_1,*,control,1,,,,,,,,
521,bc_8,GPP_H_16_SML4DATA,bidir,X,520,1,Z,FALSE,TRUE,,gpp_h_16_sml4data,TRUE
522,bc_1,*,control,1,,,,,,,,
523,bc_8,GPP_H_15_SML4CLK,bidir,X,522,1,Z,FALSE,TRUE,,gpp_h_15_sml4clk,TRUE
524,bc_1,*,control,1,,,,,,,,
525,bc_8,GPP_H_14_SML3ALERTB,bidir,X,524,1,Z,FALSE,TRUE,,gpp_h_14_sml3alertb,TRUE
526,bc_1,*,control,1,,,,,,,,
527,bc_8,GPP_H_13_SML3DATA,bidir,X,526,1,Z,FALSE,TRUE,,gpp_h_13_sml3data,TRUE
528,bc_1,*,control,1,,,,,,,,
529,bc_8,GPP_H_12_SML3CLK,bidir,X,528,1,Z,FALSE,TRUE,,gpp_h_12_sml3clk,TRUE
530,bc_1,*,control,1,,,,,,,,
531,bc_8,GPP_H_11_SML2ALERTB,bidir,X,530,1,Z,FALSE,TRUE,,gpp_h_11_sml2alertb,TRUE
532,bc_1,*,control,1,,,,,,,,
533,bc_8,GPP_H_10_SML2DATA,bidir,X,532,1,Z,FALSE,TRUE,,gpp_h_10_sml2data,TRUE
534,bc_1,*,control,1,,,,,,,,
535,bc_8,GPP_H_9_SML2CLK,bidir,X,534,1,Z,FALSE,TRUE,,gpp_h_9_sml2clk,TRUE
536,bc_1,*,control,1,,,,,,,,
537,bc_8,GPP_H_8_USB2_OCB_3_GMII_MDIO_1,bidir,X,536,1,Z,FALSE,TRUE,,gpp_h_8_usb2_ocb_3_gmii_mdio_1,TRUE
538,bc_1,*,control,1,,,,,,,,
539,bc_8,GPP_H_7_USB2_OCB_2_GMII_MDC_1,bidir,X,538,1,Z,FALSE,TRUE,,gpp_h_7_usb2_ocb_2_gmii_mdc_1,TRUE
540,bc_1,*,control,1,,,,,,,,
541,bc_8,GPP_H_6_USB2_OCB_1,bidir,X,540,1,Z,FALSE,TRUE,,gpp_h_6_usb2_ocb_1,TRUE
542,bc_1,*,control,1,,,,,,,,
543,bc_8,GPP_H_5_USB2_OCB_0,bidir,X,542,1,Z,FALSE,TRUE,,gpp_h_5_usb2_ocb_0,TRUE
544,bc_1,*,control,1,,,,,,,,
545,bc_8,GPP_H_4_SRCCLKREQB_11,bidir,X,544,1,Z,FALSE,TRUE,,gpp_h_4_srcclkreqb_11,TRUE
546,bc_1,*,control,1,,,,,,,,
547,bc_8,GPP_H_3_SRCCLKREQB_10,bidir,X,546,1,Z,FALSE,TRUE,,gpp_h_3_srcclkreqb_10,TRUE
548,bc_1,*,control,1,,,,,,,,
549,bc_8,GPP_H_2_SRCCLKREQB_9,bidir,X,548,1,Z,FALSE,TRUE,,gpp_h_2_srcclkreqb_9,TRUE
550,bc_1,*,control,1,,,,,,,,
551,bc_8,GPP_H_1_SRCCLKREQB_8,bidir,X,550,1,Z,FALSE,TRUE,,gpp_h_1_srcclkreqb_8,TRUE
552,bc_1,*,control,1,,,,,,,,
553,bc_8,GPP_H_0,bidir,X,552,1,Z,FALSE,TRUE,,gpp_h_0,TRUE
554,bc_1,*,control,1,,,,,,,,
555,bc_8,SPI0_CLK,bidir,X,554,1,Z,FALSE,TRUE,,spi0_clk,TRUE
556,bc_1,*,control,1,,,,,,,,
557,bc_8,SPI0_FLASH_1_CSB,bidir,X,556,1,Z,FALSE,TRUE,,spi0_flash_1_csb,TRUE
558,bc_1,*,control,1,,,,,,,,
559,bc_8,SPI0_FLASH_0_CSB,bidir,X,558,1,Z,FALSE,TRUE,,spi0_flash_0_csb,TRUE
560,bc_1,*,control,1,,,,,,,,
561,bc_8,SPI0_TPM_CSB,bidir,X,560,1,Z,FALSE,TRUE,,spi0_tpm_csb,TRUE
562,bc_1,*,control,1,,,,,,,,
563,bc_8,SPI0_MISO_IO_1,bidir,X,562,1,Z,FALSE,TRUE,,spi0_miso_io_1,TRUE
564,bc_1,*,control,1,,,,,,,,
565,bc_8,SPI0_MOSI_IO_0,bidir,X,564,1,Z,FALSE,TRUE,,spi0_mosi_io_0,TRUE
566,bc_1,*,control,1,,,,,,,,
567,bc_8,SPI0_IO_3,bidir,X,566,1,Z,FALSE,TRUE,,spi0_io_3,TRUE
568,bc_1,*,control,1,,,,,,,,
569,bc_8,SPI0_IO_2,bidir,X,568,1,Z,FALSE,TRUE,,spi0_io_2,TRUE
570,bc_1,*,internal,1,,,,,,,,
571,bc_1,*,internal,1,,,,,,,,
572,bc_1,*,internal,1,,,,,,,,
573,bc_1,*,internal,1,,,,,,,,
574,bc_1,*,internal,1,,,,,,,,
575,bc_1,*,internal,1,,,,,,,,
576,bc_1,*,internal,1,,,,,,,,
577,bc_1,*,internal,1,,,,,,,,
578,bc_1,*,internal,1,,,,,,,,
579,bc_1,*,internal,1,,,,,,,,
580,bc_1,*,internal,1,,,,,,,,
581,bc_1,*,internal,0,,,,,,,,
582,bc_4,*,segment select,1,,,,,,,,
583,bc_4,*,delay,0,,,,,,,,
584,bc_1,*,control,1,,,,,,,,
585,bc_8,DIR_ESPI_ALERTB,bidir,X,584,1,Z,FALSE,TRUE,,dir_espi_alertb,TRUE
586,bc_1,*,control,1,,,,,,,,
587,bc_8,DIR_ESPI_RCLK,bidir,X,586,1,Z,FALSE,TRUE,,dir_espi_rclk,TRUE
588,bc_1,*,control,1,,,,,,,,
589,bc_8,DIR_ESPI_CLK,bidir,X,588,1,Z,FALSE,TRUE,,dir_espi_clk,TRUE
590,bc_1,*,control,1,,,,,,,,
591,bc_8,DIR_ESPI_RESETB,bidir,X,590,1,Z,FALSE,TRUE,,dir_espi_resetb,TRUE
592,bc_1,*,control,1,,,,,,,,
593,bc_8,DIR_ESPI_CSB,bidir,X,592,1,Z,FALSE,TRUE,,dir_espi_csb,TRUE
594,bc_1,*,control,1,,,,,,,,
595,bc_8,DIR_ESPI_IO_3,bidir,X,594,1,Z,FALSE,TRUE,,dir_espi_io_3,TRUE
596,bc_1,*,control,1,,,,,,,,
597,bc_8,DIR_ESPI_IO_2,bidir,X,596,1,Z,FALSE,TRUE,,dir_espi_io_2,TRUE
598,bc_1,*,control,1,,,,,,,,
599,bc_8,DIR_ESPI_IO_1,bidir,X,598,1,Z,FALSE,TRUE,,dir_espi_io_1,TRUE
600,bc_1,*,control,1,,,,,,,,
601,bc_8,DIR_ESPI_IO_0,bidir,X,600,1,Z,FALSE,TRUE,,dir_espi_io_0,TRUE
602,bc_1,*,control,1,,,,,,,,
603,bc_8,DMI_CLKREQB,bidir,X,602,1,Z,FALSE,TRUE,,dmi_clkreqb,TRUE
604,bc_1,*,control,1,,,,,,,,
605,bc_8,DMI_PERSTB,bidir,X,604,1,Z,FALSE,TRUE,,dmi_perstb,TRUE
606,bc_1,*,control,1,,,,,,,,
607,bc_8,PWRBTNB_OUT,bidir,X,606,1,Z,FALSE,TRUE,,pwrbtnb_out,TRUE
608,bc_1,*,control,1,,,,,,,,
609,bc_8,GPP_A_13_ESPI_ALERT3B,bidir,X,608,1,Z,FALSE,TRUE,,gpp_a_13_espi_alert3b,TRUE
610,bc_1,*,control,1,,,,,,,,
611,bc_8,GPP_A_12_ESPI_ALERT2B,bidir,X,610,1,Z,FALSE,TRUE,,gpp_a_12_espi_alert2b,TRUE
612,bc_1,*,control,1,,,,,,,,
613,bc_8,GPP_A_11_ESPI_ALERT1B,bidir,X,612,1,Z,FALSE,TRUE,,gpp_a_11_espi_alert1b,TRUE
614,bc_1,*,control,1,,,,,,,,
615,bc_8,GPP_A_10_ESPI_ALERT0B,bidir,X,614,1,Z,FALSE,TRUE,,gpp_a_10_espi_alert0b,TRUE
616,bc_1,*,control,1,,,,,,,,
617,bc_8,GPP_A_9_ESPI_CS3B,bidir,X,616,1,Z,FALSE,TRUE,,gpp_a_9_espi_cs3b,TRUE
618,bc_1,*,control,1,,,,,,,,
619,bc_8,GPP_A_8_ESPI_CS2B,bidir,X,618,1,Z,FALSE,TRUE,,gpp_a_8_espi_cs2b,TRUE
620,bc_1,*,control,1,,,,,,,,
621,bc_8,GPP_A_7_ESPI_CS1B,bidir,X,620,1,Z,FALSE,TRUE,,gpp_a_7_espi_cs1b,TRUE
622,bc_1,*,control,1,,,,,,,,
623,bc_8,GPP_A_6_ESPI_RESETB,bidir,X,622,1,Z,FALSE,TRUE,,gpp_a_6_espi_resetb,TRUE
624,bc_1,*,control,1,,,,,,,,
625,bc_8,GPP_A_5_ESPI_CLK,bidir,X,624,1,Z,FALSE,TRUE,,gpp_a_5_espi_clk,TRUE
626,bc_1,*,control,1,,,,,,,,
627,bc_8,GPP_A_4_ESPI_CS0B,bidir,X,626,1,Z,FALSE,TRUE,,gpp_a_4_espi_cs0b,TRUE
628,bc_1,*,control,1,,,,,,,,
629,bc_8,GPP_A_3_ESPI_IO_3_SUSACKB,bidir,X,628,1,Z,FALSE,TRUE,,gpp_a_3_espi_io_3_susackb,TRUE
630,bc_1,*,control,1,,,,,,,,
631,bc_8,GPP_A_2_ESPI_IO_2_SUSWARNB_SUSPWRDNACK,bidir,X,630,1,Z,FALSE,TRUE,,gpp_a_2_espi_io_2_suswarnb_suspwrdnack,TRUE
632,bc_1,*,control,1,,,,,,,,
633,bc_8,GPP_A_1_ESPI_IO_1,bidir,X,632,1,Z,FALSE,TRUE,,gpp_a_1_espi_io_1,TRUE
634,bc_1,*,control,1,,,,,,,,
635,bc_8,GPP_A_0_ESPI_IO_0,bidir,X,634,1,Z,FALSE,TRUE,,gpp_a_0_espi_io_0,TRUE
636,bc_1,*,control,1,,,,,,,,
637,bc_8,GPP_B_21_SML1ALERTB_PCHHOTB,bidir,X,636,1,Z,FALSE,TRUE,,gpp_b_21_sml1alertb_pchhotb,TRUE
638,bc_1,*,control,1,,,,,,,,
639,bc_8,GPP_B_20_FUSA_DIAGTEST_MODE,bidir,X,638,1,Z,FALSE,TRUE,,gpp_b_20_fusa_diagtest_mode,TRUE
640,bc_1,*,control,1,,,,,,,,
641,bc_8,GPP_B_19_FUSA_DIAGTEST_EN,bidir,X,640,1,Z,FALSE,TRUE,,gpp_b_19_fusa_diagtest_en,TRUE
642,bc_1,*,control,1,,,,,,,,
643,bc_8,GPP_B_18_PMCALERTB,bidir,X,642,1,Z,FALSE,TRUE,,gpp_b_18_pmcalertb,TRUE
644,bc_1,*,control,1,,,,,,,,
645,bc_8,GPP_B_17_ISH_GP_5,bidir,X,644,1,Z,FALSE,TRUE,,gpp_b_17_ish_gp_5,TRUE
646,bc_1,*,control,1,,,,,,,,
647,bc_8,GPP_B_16_ISH_GP_4,bidir,X,646,1,Z,FALSE,TRUE,,gpp_b_16_ish_gp_4,TRUE
648,bc_1,*,control,1,,,,,,,,
649,bc_8,GPP_B_15_ISH_GP_3,bidir,X,648,1,Z,FALSE,TRUE,,gpp_b_15_ish_gp_3,TRUE
650,bc_1,*,control,1,,,,,,,,
651,bc_8,GPP_B_14,bidir,X,650,1,Z,FALSE,TRUE,,gpp_b_14,TRUE
652,bc_1,*,control,1,,,,,,,,
653,bc_8,GPP_B_13_PLTRSTB,bidir,X,652,1,Z,FALSE,TRUE,,gpp_b_13_pltrstb,TRUE
654,bc_1,*,control,1,,,,,,,,
655,bc_8,GPP_B_12_SLP_S0B,bidir,X,654,1,Z,FALSE,TRUE,,gpp_b_12_slp_s0b,TRUE
656,bc_1,*,control,1,,,,,,,,
657,bc_8,GPP_B_11_I2S_MCLK,bidir,X,656,1,Z,FALSE,TRUE,,gpp_b_11_i2s_mclk,TRUE
658,bc_1,*,control,1,,,,,,,,
659,bc_8,GPP_B_10_ISH_GP_2,bidir,X,658,1,Z,FALSE,TRUE,,gpp_b_10_ish_gp_2,TRUE
660,bc_1,*,control,1,,,,,,,,
661,bc_8,GPP_B_9_ISH_GP_1,bidir,X,660,1,Z,FALSE,TRUE,,gpp_b_9_ish_gp_1,TRUE
662,bc_1,*,control,1,,,,,,,,
663,bc_8,GPP_B_8_ISH_GP_0,bidir,X,662,1,Z,FALSE,TRUE,,gpp_b_8_ish_gp_0,TRUE
664,bc_1,*,control,1,,,,,,,,
665,bc_8,GPP_B_7_ISH_GP_7,bidir,X,664,1,Z,FALSE,TRUE,,gpp_b_7_ish_gp_7,TRUE
666,bc_1,*,control,1,,,,,,,,
667,bc_8,GPP_B_6_CLKOUT_48,bidir,X,666,1,Z,FALSE,TRUE,,gpp_b_6_clkout_48,TRUE
668,bc_1,*,control,1,,,,,,,,
669,bc_8,GPP_B_5_SX_EXIT_HOLDOFFB_ISH_GP_6_IEH_FATAL_ERR2B,bidir,X,668,1,Z,FALSE,TRUE,,gpp_b_5_sx_exit_holdoffb_ish_gp_6_ieh_fatal_err2b,TRUE
670,bc_1,*,control,1,,,,,,,,
671,bc_8,GPP_B_4_CPU_GP_3,bidir,X,670,1,Z,FALSE,TRUE,,gpp_b_4_cpu_gp_3,TRUE
672,bc_1,*,control,1,,,,,,,,
673,bc_8,GPP_B_3_CPU_GP_2,bidir,X,672,1,Z,FALSE,TRUE,,gpp_b_3_cpu_gp_2,TRUE
674,bc_1,*,control,1,,,,,,,,
675,bc_8,GPP_B_2_ISH_GP_8,bidir,X,674,1,Z,FALSE,TRUE,,gpp_b_2_ish_gp_8,TRUE
676,bc_1,*,control,1,,,,,,,,
677,bc_8,GPP_B_1_ISH_UART0_RTSB_GSPI2_CS1B,bidir,X,676,1,Z,FALSE,TRUE,,gpp_b_1_ish_uart0_rtsb_gspi2_cs1b,TRUE
678,bc_1,*,control,1,,,,,,,,
679,bc_8,GPP_B_0_PCIE_LNK_DOWN,bidir,X,678,1,Z,FALSE,TRUE,,gpp_b_0_pcie_lnk_down,TRUE
680,bc_1,*,internal,1,,,,,,,,
681,bc_1,*,internal,1,,,,,,,,
682,bc_1,*,internal,0,,,,,,,,
683,bc_4,*,segment select,1,,,,,,,,
684,bc_4,*,delay,0,,,,,,,,
685,bc_4,DMI_3_RXN,observe_only,1,,,,TRUE,FALSE,,dmi_3_rxn,TRUE
686,bc_4,DMI_3_RXP,observe_only,1,,,,TRUE,FALSE,,dmi_3_rxp,TRUE
687,AC_1,DMI_3_TXP,output2,1,,,,TRUE,FALSE,DMI_3_TXN,dmi_3_txp,TRUE
688,bc_4,DMI_2_RXN,observe_only,1,,,,TRUE,FALSE,,dmi_2_rxn,TRUE
689,bc_4,DMI_2_RXP,observe_only,1,,,,TRUE,FALSE,,dmi_2_rxp,TRUE
690,AC_1,DMI_2_TXP,output2,1,,,,TRUE,FALSE,DMI_2_TXN,dmi_2_txp,TRUE
691,bc_4,DMI_1_RXN,observe_only,1,,,,TRUE,FALSE,,dmi_1_rxn,TRUE
692,bc_4,DMI_1_RXP,observe_only,1,,,,TRUE,FALSE,,dmi_1_rxp,TRUE
693,AC_1,DMI_1_TXP,output2,1,,,,TRUE,FALSE,DMI_1_TXN,dmi_1_txp,TRUE
694,bc_4,DMI_0_RXN,observe_only,1,,,,TRUE,FALSE,,dmi_0_rxn,TRUE
695,bc_4,DMI_0_RXP,observe_only,1,,,,TRUE,FALSE,,dmi_0_rxp,TRUE
696,AC_1,DMI_0_TXP,output2,1,,,,TRUE,FALSE,DMI_0_TXN,dmi_0_txp,TRUE
697,bc_4,DMI_7_RXN,observe_only,1,,,,TRUE,FALSE,,dmi_7_rxn,TRUE
698,bc_4,DMI_7_RXP,observe_only,1,,,,TRUE,FALSE,,dmi_7_rxp,TRUE
699,AC_1,DMI_7_TXP,output2,1,,,,TRUE,FALSE,DMI_7_TXN,dmi_7_txp,TRUE
700,bc_4,DMI_6_RXN,observe_only,1,,,,TRUE,FALSE,,dmi_6_rxn,TRUE
701,bc_4,DMI_6_RXP,observe_only,1,,,,TRUE,FALSE,,dmi_6_rxp,TRUE
702,AC_1,DMI_6_TXP,output2,1,,,,TRUE,FALSE,DMI_6_TXN,dmi_6_txp,TRUE
703,bc_4,DMI_5_RXN,observe_only,1,,,,TRUE,FALSE,,dmi_5_rxn,TRUE
704,bc_4,DMI_5_RXP,observe_only,1,,,,TRUE,FALSE,,dmi_5_rxp,TRUE
705,AC_1,DMI_5_TXP,output2,1,,,,TRUE,FALSE,DMI_5_TXN,dmi_5_txp,TRUE
706,bc_4,DMI_4_RXN,observe_only,1,,,,TRUE,FALSE,,dmi_4_rxn,TRUE
707,bc_4,DMI_4_RXP,observe_only,1,,,,TRUE,FALSE,,dmi_4_rxp,TRUE
708,AC_1,DMI_4_TXP,output2,1,,,,TRUE,FALSE,DMI_4_TXN,dmi_4_txp,TRUE
709,bc_4,PCIE_21_RXN,observe_only,1,,,,TRUE,FALSE,,pcie_21_rxn,TRUE
710,bc_4,PCIE_21_RXP,observe_only,1,,,,TRUE,FALSE,,pcie_21_rxp,TRUE
711,AC_1,PCIE_21_TXP,output2,1,,,,TRUE,FALSE,PCIE_21_TXN,pcie_21_txp,TRUE
712,bc_4,PCIE_22_RXN,observe_only,1,,,,TRUE,FALSE,,pcie_22_rxn,TRUE
713,bc_4,PCIE_22_RXP,observe_only,1,,,,TRUE,FALSE,,pcie_22_rxp,TRUE
714,AC_1,PCIE_22_TXP,output2,1,,,,TRUE,FALSE,PCIE_22_TXN,pcie_22_txp,TRUE
715,bc_4,PCIE_23_RXN,observe_only,1,,,,TRUE,FALSE,,pcie_23_rxn,TRUE
716,bc_4,PCIE_23_RXP,observe_only,1,,,,TRUE,FALSE,,pcie_23_rxp,TRUE
717,AC_1,PCIE_23_TXP,output2,1,,,,TRUE,FALSE,PCIE_23_TXN,pcie_23_txp,TRUE
718,bc_4,PCIE_24_RXN,observe_only,1,,,,TRUE,FALSE,,pcie_24_rxn,TRUE
719,bc_4,PCIE_24_RXP,observe_only,1,,,,TRUE,FALSE,,pcie_24_rxp,TRUE
720,AC_1,PCIE_24_TXP,output2,1,,,,TRUE,FALSE,PCIE_24_TXN,pcie_24_txp,TRUE
721,bc_4,*,segment select,1,,,,,,,,
722,bc_4,*,power,1,,,,,,,,
723,bc_4,*,delay,0,,,,,,,,
724,bc_4,USB31_10_RXN,observe_only,1,,,,TRUE,FALSE,,usb31_10_rxn,TRUE
725,bc_4,USB31_10_RXP,observe_only,1,,,,TRUE,FALSE,,usb31_10_rxp,TRUE
726,AC_1,USB31_10_TXP,output2,1,,,,TRUE,FALSE,USB31_10_TXN,usb31_10_txp,TRUE
727,bc_4,USB31_9_RXN,observe_only,1,,,,TRUE,FALSE,,usb31_9_rxn,TRUE
728,bc_4,USB31_9_RXP,observe_only,1,,,,TRUE,FALSE,,usb31_9_rxp,TRUE
729,AC_1,USB31_9_TXP,output2,1,,,,TRUE,FALSE,USB31_9_TXN,usb31_9_txp,TRUE
730,bc_4,USB31_8_RXN,observe_only,1,,,,TRUE,FALSE,,usb31_8_rxn,TRUE
731,bc_4,USB31_8_RXP,observe_only,1,,,,TRUE,FALSE,,usb31_8_rxp,TRUE
732,AC_1,USB31_8_TXP,output2,1,,,,TRUE,FALSE,USB31_8_TXN,usb31_8_txp,TRUE
733,bc_4,USB31_7_RXN,observe_only,1,,,,TRUE,FALSE,,usb31_7_rxn,TRUE
734,bc_4,USB31_7_RXP,observe_only,1,,,,TRUE,FALSE,,usb31_7_rxp,TRUE
735,AC_1,USB31_7_TXP,output2,1,,,,TRUE,FALSE,USB31_7_TXN,usb31_7_txp,TRUE
736,bc_4,USB31_6_RXN,observe_only,1,,,,TRUE,FALSE,,usb31_6_rxn,TRUE
737,bc_4,USB31_6_RXP,observe_only,1,,,,TRUE,FALSE,,usb31_6_rxp,TRUE
738,AC_1,USB31_6_TXP,output2,1,,,,TRUE,FALSE,USB31_6_TXN,usb31_6_txp,TRUE
739,bc_4,USB31_5_RXN,observe_only,1,,,,TRUE,FALSE,,usb31_5_rxn,TRUE
740,bc_4,USB31_5_RXP,observe_only,1,,,,TRUE,FALSE,,usb31_5_rxp,TRUE
741,AC_1,USB31_5_TXP,output2,1,,,,TRUE,FALSE,USB31_5_TXN,usb31_5_txp,TRUE
742,bc_4,USB31_4_RXN,observe_only,1,,,,TRUE,FALSE,,usb31_4_rxn,TRUE
743,bc_4,USB31_4_RXP,observe_only,1,,,,TRUE,FALSE,,usb31_4_rxp,TRUE
744,AC_1,USB31_4_TXP,output2,1,,,,TRUE,FALSE,USB31_4_TXN,usb31_4_txp,TRUE
745,bc_4,USB31_3_RXN,observe_only,1,,,,TRUE,FALSE,,usb31_3_rxn,TRUE
746,bc_4,USB31_3_RXP,observe_only,1,,,,TRUE,FALSE,,usb31_3_rxp,TRUE
747,AC_1,USB31_3_TXP,output2,1,,,,TRUE,FALSE,USB31_3_TXN,usb31_3_txp,TRUE
748,bc_4,USB31_2_RXN,observe_only,1,,,,TRUE,FALSE,,usb31_2_rxn,TRUE
749,bc_4,USB31_2_RXP,observe_only,1,,,,TRUE,FALSE,,usb31_2_rxp,TRUE
750,AC_1,USB31_2_TXP,output2,1,,,,TRUE,FALSE,USB31_2_TXN,usb31_2_txp,TRUE
751,bc_4,USB31_1_RXN,observe_only,1,,,,TRUE,FALSE,,usb31_1_rxn,TRUE
752,bc_4,USB31_1_RXP,observe_only,1,,,,TRUE,FALSE,,usb31_1_rxp,TRUE
753,AC_1,USB31_1_TXP,output2,1,,,,TRUE,FALSE,USB31_1_TXN,usb31_1_txp,TRUE
754,bc_4,*,segment select,1,,,,,,,,
755,bc_4,*,power,1,,,,,,,,
756,bc_4,*,delay,0,,,,,,,,
757,bc_2,*,control,0,,,,,,,,
758,bc_8,USB2N_14,bidir,X,757,0,Z,FALSE,FALSE,,usb2n_14,TRUE
759,bc_2,*,control,0,,,,,,,,
760,bc_8,USB2P_14,bidir,X,759,0,Z,FALSE,FALSE,,usb2p_14,TRUE
761,bc_2,*,control,0,,,,,,,,
762,bc_8,USB2N_13,bidir,X,761,0,Z,FALSE,FALSE,,usb2n_13,TRUE
763,bc_2,*,control,0,,,,,,,,
764,bc_8,USB2P_13,bidir,X,763,0,Z,FALSE,FALSE,,usb2p_13,TRUE
765,bc_2,*,control,0,,,,,,,,
766,bc_8,USB2N_12,bidir,X,765,0,Z,FALSE,FALSE,,usb2n_12,TRUE
767,bc_2,*,control,0,,,,,,,,
768,bc_8,USB2P_12,bidir,X,767,0,Z,FALSE,FALSE,,usb2p_12,TRUE
769,bc_2,*,control,0,,,,,,,,
770,bc_8,USB2N_11,bidir,X,769,0,Z,FALSE,FALSE,,usb2n_11,TRUE
771,bc_2,*,control,0,,,,,,,,
772,bc_8,USB2P_11,bidir,X,771,0,Z,FALSE,FALSE,,usb2p_11,TRUE
773,bc_2,*,control,0,,,,,,,,
774,bc_8,USB2N_10,bidir,X,773,0,Z,FALSE,FALSE,,usb2n_10,TRUE
775,bc_2,*,control,0,,,,,,,,
776,bc_8,USB2P_10,bidir,X,775,0,Z,FALSE,FALSE,,usb2p_10,TRUE
777,bc_2,*,control,0,,,,,,,,
778,bc_8,USB2N_9,bidir,X,777,0,Z,FALSE,FALSE,,usb2n_9,TRUE
779,bc_2,*,control,0,,,,,,,,
780,bc_8,USB2P_9,bidir,X,779,0,Z,FALSE,FALSE,,usb2p_9,TRUE
781,bc_2,*,control,0,,,,,,,,
782,bc_8,USB2N_8,bidir,X,781,0,Z,FALSE,FALSE,,usb2n_8,TRUE
783,bc_2,*,control,0,,,,,,,,
784,bc_8,USB2P_8,bidir,X,783,0,Z,FALSE,FALSE,,usb2p_8,TRUE
785,bc_2,*,control,0,,,,,,,,
786,bc_8,USB2N_7,bidir,X,785,0,Z,FALSE,FALSE,,usb2n_7,TRUE
787,bc_2,*,control,0,,,,,,,,
788,bc_8,USB2P_7,bidir,X,787,0,Z,FALSE,FALSE,,usb2p_7,TRUE
789,bc_2,*,control,0,,,,,,,,
790,bc_8,USB2N_6,bidir,X,789,0,Z,FALSE,FALSE,,usb2n_6,TRUE
791,bc_2,*,control,0,,,,,,,,
792,bc_8,USB2P_6,bidir,X,791,0,Z,FALSE,FALSE,,usb2p_6,TRUE
793,bc_2,*,control,0,,,,,,,,
794,bc_8,USB2N_5,bidir,X,793,0,Z,FALSE,FALSE,,usb2n_5,TRUE
795,bc_2,*,control,0,,,,,,,,
796,bc_8,USB2P_5,bidir,X,795,0,Z,FALSE,FALSE,,usb2p_5,TRUE
797,bc_2,*,control,0,,,,,,,,
798,bc_8,USB2N_4,bidir,X,797,0,Z,FALSE,FALSE,,usb2n_4,TRUE
799,bc_2,*,control,0,,,,,,,,
800,bc_8,USB2P_4,bidir,X,799,0,Z,FALSE,FALSE,,usb2p_4,TRUE
801,bc_2,*,control,0,,,,,,,,
802,bc_8,USB2N_3,bidir,X,801,0,Z,FALSE,FALSE,,usb2n_3,TRUE
803,bc_2,*,control,0,,,,,,,,
804,bc_8,USB2P_3,bidir,X,803,0,Z,FALSE,FALSE,,usb2p_3,TRUE
805,bc_2,*,control,0,,,,,,,,
806,bc_8,USB2N_2,bidir,X,805,0,Z,FALSE,FALSE,,usb2n_2,TRUE
807,bc_2,*,control,0,,,,,,,,
808,bc_8,USB2P_2,bidir,X,807,0,Z,FALSE,FALSE,,usb2p_2,TRUE
809,bc_2,*,control,0,,,,,,,,
810,bc_8,USB2N_1,bidir,X,809,0,Z,FALSE,FALSE,,usb2n_1,TRUE
811,bc_2,*,control,0,,,,,,,,
812,bc_8,USB2P_1,bidir,X,811,0,Z,FALSE,FALSE,,usb2p_1,TRUE
813,bc_4,*,segment select,1,,,,,,,,
814,bc_4,*,power,1,,,,,,,,
815,bc_4,*,delay,0,,,,,,,,
816,bc_2,CLKOUT_SRC_P_12,output3,X,818,0,Z,FALSE,FALSE,,clkout_src_p_12,TRUE
817,bc_2,CLKOUT_SRC_N_12,output3,X,818,0,Z,FALSE,FALSE,,clkout_src_n_12,TRUE
818,bc_2,*,control,0,,,,,,,,
819,bc_2,CLKOUT_SRC_P_13,output3,X,821,0,Z,FALSE,FALSE,,clkout_src_p_13,TRUE
820,bc_2,CLKOUT_SRC_N_13,output3,X,821,0,Z,FALSE,FALSE,,clkout_src_n_13,TRUE
821,bc_2,*,control,0,,,,,,,,
822,bc_2,CLKOUT_SRC_P_11,output3,X,824,0,Z,FALSE,FALSE,,clkout_src_p_11,TRUE
823,bc_2,CLKOUT_SRC_N_11,output3,X,824,0,Z,FALSE,FALSE,,clkout_src_n_11,TRUE
824,bc_2,*,control,0,,,,,,,,
825,bc_2,CLKOUT_SRC_P_10,output3,X,827,0,Z,FALSE,FALSE,,clkout_src_p_10,TRUE
826,bc_2,CLKOUT_SRC_N_10,output3,X,827,0,Z,FALSE,FALSE,,clkout_src_n_10,TRUE
827,bc_2,*,control,0,,,,,,,,
828,bc_2,CLKOUT_SRC_P_8,output3,X,830,0,Z,FALSE,FALSE,,clkout_src_p_8,TRUE
829,bc_2,CLKOUT_SRC_N_8,output3,X,830,0,Z,FALSE,FALSE,,clkout_src_n_8,TRUE
830,bc_2,*,control,0,,,,,,,,
831,bc_2,CLKOUT_SRC_P_9,output3,X,833,0,Z,FALSE,FALSE,,clkout_src_p_9,TRUE
832,bc_2,CLKOUT_SRC_N_9,output3,X,833,0,Z,FALSE,FALSE,,clkout_src_n_9,TRUE
833,bc_2,*,control,0,,,,,,,,
834,bc_2,CLKOUT_SRC_P_6,output3,X,836,0,Z,FALSE,FALSE,,clkout_src_p_6,TRUE
835,bc_2,CLKOUT_SRC_N_6,output3,X,836,0,Z,FALSE,FALSE,,clkout_src_n_6,TRUE
836,bc_2,*,control,0,,,,,,,,
837,bc_2,CLKOUT_SRC_P_7,output3,X,839,0,Z,FALSE,FALSE,,clkout_src_p_7,TRUE
838,bc_2,CLKOUT_SRC_N_7,output3,X,839,0,Z,FALSE,FALSE,,clkout_src_n_7,TRUE
839,bc_2,*,control,0,,,,,,,,
840,bc_2,CLKOUT_SRC_P_4,output3,X,842,0,Z,FALSE,FALSE,,clkout_src_p_4,TRUE
841,bc_2,CLKOUT_SRC_N_4,output3,X,842,0,Z,FALSE,FALSE,,clkout_src_n_4,TRUE
842,bc_2,*,control,0,,,,,,,,
843,bc_2,CLKOUT_SRC_P_5,output3,X,845,0,Z,FALSE,FALSE,,clkout_src_p_5,TRUE
844,bc_2,CLKOUT_SRC_N_5,output3,X,845,0,Z,FALSE,FALSE,,clkout_src_n_5,TRUE
845,bc_2,*,control,0,,,,,,,,
846,bc_2,CLKOUT_SRC_P_3,output3,X,848,0,Z,FALSE,FALSE,,clkout_src_p_3,TRUE
847,bc_2,CLKOUT_SRC_N_3,output3,X,848,0,Z,FALSE,FALSE,,clkout_src_n_3,TRUE
848,bc_2,*,control,0,,,,,,,,
849,bc_2,CLKOUT_SRC_P_2,output3,X,851,0,Z,FALSE,FALSE,,clkout_src_p_2,TRUE
850,bc_2,CLKOUT_SRC_N_2,output3,X,851,0,Z,FALSE,FALSE,,clkout_src_n_2,TRUE
851,bc_2,*,control,0,,,,,,,,
852,bc_2,CLKOUT_SRC_P_0,output3,X,854,0,Z,FALSE,FALSE,,clkout_src_p_0,TRUE
853,bc_2,CLKOUT_SRC_N_0,output3,X,854,0,Z,FALSE,FALSE,,clkout_src_n_0,TRUE
854,bc_2,*,control,0,,,,,,,,
855,bc_2,CLKOUT_SRC_P_1,output3,X,857,0,Z,FALSE,FALSE,,clkout_src_p_1,TRUE
856,bc_2,CLKOUT_SRC_N_1,output3,X,857,0,Z,FALSE,FALSE,,clkout_src_n_1,TRUE
857,bc_2,*,control,0,,,,,,,,
858,bc_4,*,segment select,1,,,,,,,,
859,bc_4,*,power,1,,,,,,,,
