num,cell,port,function,safe,ccell,disval,rslt,acio,toggle,differential,pinmap,socket,channel
0,bc_4,*,delay,0,,,,,,,,,
1,bc_4,*,delay,0,,,,,,,,,
2,bc_4,*,delay,0,,,,,,,,,
3,bc_1,*,control,1,,,,,,,,,
4,bc_8,XXGPP_C_23_TBT_LSX3_B_DDP4_CTRLDATA,bidir,X,3,1,Z,FALSE,TRUE,,XXGPP_C_23_TBT_LSX3_B_DDP4_CTRLDATA,,TRUE
5,bc_1,*,control,1,,,,,,,,,
6,bc_8,XXGPP_C_22_TBT_LSX3_A_DDP4_CTRLCLK,bidir,X,5,1,Z,FALSE,TRUE,,XXGPP_C_22_TBT_LSX3_A_DDP4_CTRLCLK,,TRUE
7,bc_1,*,control,1,,,,,,,,,
8,bc_8,XXGPP_C_21_TBT_LSX2_B_DDP3_CTRLDATA,bidir,X,7,1,Z,FALSE,TRUE,,XXGPP_C_21_TBT_LSX2_B_DDP3_CTRLDATA,,TRUE
9,bc_1,*,control,1,,,,,,,,,
10,bc_8,XXGPP_C_20_TBT_LSX2_A_DDP3_CTRLCLK,bidir,X,9,1,Z,FALSE,TRUE,,XXGPP_C_20_TBT_LSX2_A_DDP3_CTRLCLK,,TRUE
11,bc_1,*,control,1,,,,,,,,,
12,bc_8,XXGPP_C_19_TBT_LSX1_B_DDP2_CTRLDATA,bidir,X,11,1,Z,FALSE,TRUE,,XXGPP_C_19_TBT_LSX1_B_DDP2_CTRLDATA,,TRUE
13,bc_1,*,control,1,,,,,,,,,
14,bc_8,XXGPP_C_18_TBT_LSX1_A_DDP2_CTRLCLK,bidir,X,13,1,Z,FALSE,TRUE,,XXGPP_C_18_TBT_LSX1_A_DDP2_CTRLCLK,,TRUE
15,bc_1,*,control,1,,,,,,,,,
16,bc_8,XXGPP_C_17_TBT_LSX0_B_DDP1_CTRLDATA,bidir,X,15,1,Z,FALSE,TRUE,,XXGPP_C_17_TBT_LSX0_B_DDP1_CTRLDATA,,TRUE
17,bc_1,*,control,1,,,,,,,,,
18,bc_8,XXGPP_C_16_TBT_LSX0_A_DDP1_CTRLCLK,bidir,X,17,1,Z,FALSE,TRUE,,XXGPP_C_16_TBT_LSX0_A_DDP1_CTRLCLK,,TRUE
19,bc_1,*,control,1,,,,,,,,,
20,bc_8,XXGPP_C_15,bidir,X,19,1,Z,FALSE,TRUE,,XXGPP_C_15,,TRUE
21,bc_1,*,control,1,,,,,,,,,
22,bc_8,XXGPP_C_14_SRCCLKREQ5_B,bidir,X,21,1,Z,FALSE,TRUE,,XXGPP_C_14_SRCCLKREQ5_B,,TRUE
23,bc_1,*,control,1,,,,,,,,,
24,bc_8,XXGPP_C_13_SRCCLKREQ4_B,bidir,X,23,1,Z,FALSE,TRUE,,XXGPP_C_13_SRCCLKREQ4_B,,TRUE
25,bc_1,*,control,1,,,,,,,,,
26,bc_8,XXGPP_C_12_SRCCLKREQ3_B,bidir,X,25,1,Z,FALSE,TRUE,,XXGPP_C_12_SRCCLKREQ3_B,,TRUE
27,bc_1,*,control,1,,,,,,,,,
28,bc_8,XXGPP_C_11_SRCCLKREQ2_B,bidir,X,27,1,Z,FALSE,TRUE,,XXGPP_C_11_SRCCLKREQ2_B,,TRUE
29,bc_1,*,control,1,,,,,,,,,
30,bc_8,XXGPP_C_10_SRCCLKREQ1_B,bidir,X,29,1,Z,FALSE,TRUE,,XXGPP_C_10_SRCCLKREQ1_B,,TRUE
31,bc_1,*,control,1,,,,,,,,,
32,bc_8,XXGPP_C_9_SRCCLKREQ0_B,bidir,X,31,1,Z,FALSE,TRUE,,XXGPP_C_9_SRCCLKREQ0_B,,TRUE
33,bc_1,*,control,1,,,,,,,,,
34,bc_8,XXGPP_C_8_SML1ALERT_B_PCHHOT_B,bidir,X,33,1,Z,FALSE,TRUE,,XXGPP_C_8_SML1ALERT_B_PCHHOT_B,,TRUE
35,bc_1,*,control,1,,,,,,,,,
36,bc_8,XXGPP_C_7_SML1DATA,bidir,X,35,1,Z,FALSE,TRUE,,XXGPP_C_7_SML1DATA,,TRUE
37,bc_1,*,control,1,,,,,,,,,
38,bc_8,XXGPP_C_6_SML1CLK,bidir,X,37,1,Z,FALSE,TRUE,,XXGPP_C_6_SML1CLK,,TRUE
39,bc_1,*,control,1,,,,,,,,,
40,bc_8,XXGPP_C_5_SML0ALERT_B,bidir,X,39,1,Z,FALSE,TRUE,,XXGPP_C_5_SML0ALERT_B,,TRUE
41,bc_1,*,control,1,,,,,,,,,
42,bc_8,XXGPP_C_4_SML0DATA,bidir,X,41,1,Z,FALSE,TRUE,,XXGPP_C_4_SML0DATA,,TRUE
43,bc_1,*,control,1,,,,,,,,,
44,bc_8,XXGPP_C_3_SML0CLK,bidir,X,43,1,Z,FALSE,TRUE,,XXGPP_C_3_SML0CLK,,TRUE
45,bc_1,*,control,1,,,,,,,,,
46,bc_8,XXGPP_C_2_SMBALERT_B,bidir,X,45,1,Z,FALSE,TRUE,,XXGPP_C_2_SMBALERT_B,,TRUE
47,bc_1,*,control,1,,,,,,,,,
48,bc_8,XXGPP_C_1_SMBDATA,bidir,X,47,1,Z,FALSE,TRUE,,XXGPP_C_1_SMBDATA,,TRUE
49,bc_1,*,control,1,,,,,,,,,
50,bc_8,XXGPP_C_0_SMBCLK,bidir,X,49,1,Z,FALSE,TRUE,,XXGPP_C_0_SMBCLK,,TRUE
51,bc_1,*,control,1,,,,,,,,,
52,bc_8,XXMLK_RST_B,bidir,X,51,1,Z,FALSE,TRUE,,XXMLK_RST_B,,TRUE
53,bc_1,*,control,1,,,,,,,,,
54,bc_8,XXL_VDDEN,bidir,X,53,1,Z,FALSE,TRUE,,XXL_VDDEN,,TRUE
55,bc_1,*,control,1,,,,,,,,,
56,bc_8,XXL_BKLTCTL,bidir,X,55,1,Z,FALSE,TRUE,,XXL_BKLTCTL,,TRUE
57,bc_1,*,control,1,,,,,,,,,
58,bc_8,XXL_BKLTEN,bidir,X,57,1,Z,FALSE,TRUE,,XXL_BKLTEN,,TRUE
59,bc_1,*,control,1,,,,,,,,,
60,bc_8,XXSYS_RESET_B,bidir,X,59,1,Z,FALSE,TRUE,,XXSYS_RESET_B,,TRUE
61,bc_1,*,internal,1,,,,,,,,,
62,BC_0,*,INTERNAL,X,,,,,,,,,
63,bc_1,*,control,1,,,,,,,,,
64,bc_8,XXGPP_V_17,bidir,X,63,1,Z,FALSE,TRUE,,XXGPP_V_17,,TRUE
65,bc_1,*,control,1,,,,,,,,,
66,bc_8,XXGPP_V_16_VCCST_EN,bidir,X,65,1,Z,FALSE,TRUE,,XXGPP_V_16_VCCST_EN,,TRUE
67,bc_1,*,control,1,,,,,,,,,
68,bc_8,XXGPP_V_15_THERMTRIP_B,bidir,X,67,1,Z,FALSE,TRUE,,XXGPP_V_15_THERMTRIP_B,,TRUE
69,bc_1,*,control,1,,,,,,,,,
70,bc_8,XXGPP_V_14_FORCEPR_B,bidir,X,69,1,Z,FALSE,TRUE,,XXGPP_V_14_FORCEPR_B,,TRUE
71,bc_1,*,control,1,,,,,,,,,
72,bc_8,XXGPP_V_13_CATERR_B,bidir,X,71,1,Z,FALSE,TRUE,,XXGPP_V_13_CATERR_B,,TRUE
73,bc_1,*,control,1,,,,,,,,,
74,bc_8,XXGPP_V_12_WAKE_B,bidir,X,73,1,Z,FALSE,TRUE,,XXGPP_V_12_WAKE_B,,TRUE
75,bc_1,*,control,1,,,,,,,,,
76,bc_8,XXGPP_V_11_SLP_LAN_B,bidir,X,75,1,Z,FALSE,TRUE,,XXGPP_V_11_SLP_LAN_B,,TRUE
77,bc_1,*,control,1,,,,,,,,,
78,bc_8,XXGPP_V_10_LANPHYPC,bidir,X,77,1,Z,FALSE,TRUE,,XXGPP_V_10_LANPHYPC,,TRUE
79,bc_1,*,control,1,,,,,,,,,
80,bc_8,XXGPP_V_9_SLP_S5_B,bidir,X,79,1,Z,FALSE,TRUE,,XXGPP_V_9_SLP_S5_B,,TRUE
81,bc_1,*,control,1,,,,,,,,,
82,bc_8,XXGPP_V_8_SLP_WLAN_B,bidir,X,81,1,Z,FALSE,TRUE,,XXGPP_V_8_SLP_WLAN_B,,TRUE
83,bc_1,*,control,1,,,,,,,,,
84,bc_8,XXGPP_V_7_SUSCLK,bidir,X,83,1,Z,FALSE,TRUE,,XXGPP_V_7_SUSCLK,,TRUE
85,bc_1,*,control,1,,,,,,,,,
86,bc_8,XXGPP_V_6_SLP_A_B,bidir,X,85,1,Z,FALSE,TRUE,,XXGPP_V_6_SLP_A_B,,TRUE
87,bc_1,*,control,1,,,,,,,,,
88,bc_8,XXGPP_V_5_SLP_S4_B,bidir,X,87,1,Z,FALSE,TRUE,,XXGPP_V_5_SLP_S4_B,,TRUE
89,bc_1,*,control,1,,,,,,,,,
90,bc_8,XXGPP_V_4_SLP_S3_B,bidir,X,89,1,Z,FALSE,TRUE,,XXGPP_V_4_SLP_S3_B,,TRUE
91,bc_1,*,control,1,,,,,,,,,
92,bc_8,XXGPP_V_3_PWRBTN_B,bidir,X,91,1,Z,FALSE,TRUE,,XXGPP_V_3_PWRBTN_B,,TRUE
93,bc_1,*,control,1,,,,,,,,,
94,bc_8,XXGPP_V_2_SOC_WAKE_B,bidir,X,93,1,Z,FALSE,TRUE,,XXGPP_V_2_SOC_WAKE_B,,TRUE
95,bc_1,*,control,1,,,,,,,,,
96,bc_8,XXGPP_V_1_AC_PRESENT,bidir,X,95,1,Z,FALSE,TRUE,,XXGPP_V_1_AC_PRESENT,,TRUE
97,bc_1,*,control,1,,,,,,,,,
98,bc_8,XXGPP_V_0_BATLOW_B,bidir,X,97,1,Z,FALSE,TRUE,,XXGPP_V_0_BATLOW_B,,TRUE
99,bc_4,*,segment select,1,,,,,,,,,
100,bc_4,*,delay,0,,,,,,,,,
101,bc_1,*,control,1,,,,,,,,,
102,bc_8,XXBOOTHALT_B,bidir,X,101,1,Z,FALSE,TRUE,,XXBOOTHALT_B,,TRUE
103,bc_1,*,control,1,,,,,,,,,
104,bc_8,XXGPP_E_22_THC0_SPI1_DSYNC,bidir,X,103,1,Z,FALSE,TRUE,,XXGPP_E_22_THC0_SPI1_DSYNC,,TRUE
105,bc_1,*,control,1,,,,,,,,,
106,bc_8,XXGPP_E_21_PMCALERT_B,bidir,X,105,1,Z,FALSE,TRUE,,XXGPP_E_21_PMCALERT_B,,TRUE
107,bc_1,*,control,1,,,,,,,,,
108,bc_8,XXGPP_E_20_PMC_I2C_SCL,bidir,X,107,1,Z,FALSE,TRUE,,XXGPP_E_20_PMC_I2C_SCL,,TRUE
109,bc_1,*,control,1,,,,,,,,,
110,bc_8,XXGPP_E_19_PMC_I2C_SDA,bidir,X,109,1,Z,FALSE,TRUE,,XXGPP_E_19_PMC_I2C_SDA,,TRUE
111,bc_1,*,control,1,,,,,,,,,
112,bc_8,XXGPP_E_18_THC0_SPI1_INT_B,bidir,X,111,1,Z,FALSE,TRUE,,XXGPP_E_18_THC0_SPI1_INT_B,,TRUE
113,bc_1,*,control,1,,,,,,,,,
114,bc_8,XXGPP_E_17_THC0_SPI1_CS_B_GSPI0_CS0_B,bidir,X,113,1,Z,FALSE,TRUE,,XXGPP_E_17_THC0_SPI1_CS_B_GSPI0_CS0_B,,TRUE
115,bc_1,*,control,1,,,,,,,,,
116,bc_8,XXGPP_E_16_THC0_SPI1_RST_B,bidir,X,115,1,Z,FALSE,TRUE,,XXGPP_E_16_THC0_SPI1_RST_B,,TRUE
117,bc_1,*,control,1,,,,,,,,,
118,bc_8,XXGPP_E_15_THC0_SPI1_IO_3,bidir,X,117,1,Z,FALSE,TRUE,,XXGPP_E_15_THC0_SPI1_IO_3,,TRUE
119,bc_1,*,control,1,,,,,,,,,
120,bc_8,XXGPP_E_14_THC0_SPI1_IO_2,bidir,X,119,1,Z,FALSE,TRUE,,XXGPP_E_14_THC0_SPI1_IO_2,,TRUE
121,bc_1,*,control,1,,,,,,,,,
122,bc_8,XXGPP_E_13_THC_I2C0_SDA_THC0_SPI1_IO_1_GSPI0_MISO_I2C4_SDA,bidir,X,121,1,Z,FALSE,TRUE,,XXGPP_E_13_THC_I2C0_SDA_THC0_SPI1_IO_1_GSPI0_MISO_I2C4_SDA,,TRUE
123,bc_1,*,control,1,,,,,,,,,
124,bc_8,XXGPP_E_12_THC_I2C0_SCL_THC0_SPI1_IO_0_GSPI0_MOSI_I2C4_SCL,bidir,X,123,1,Z,FALSE,TRUE,,XXGPP_E_12_THC_I2C0_SCL_THC0_SPI1_IO_0_GSPI0_MOSI_I2C4_SCL,,TRUE
125,bc_1,*,control,1,,,,,,,,,
126,bc_8,XXGPP_E_11_THC0_SPI1_CLK_GSPI0_CLK,bidir,X,125,1,Z,FALSE,TRUE,,XXGPP_E_11_THC0_SPI1_CLK_GSPI0_CLK,,TRUE
127,bc_1,*,control,1,,,,,,,,,
128,bc_8,XXGPP_E_10,bidir,X,127,1,Z,FALSE,TRUE,,XXGPP_E_10,,TRUE
129,bc_1,*,control,1,,,,,,,,,
130,bc_8,XXGPP_E_9_USB2_OC0_B,bidir,X,129,1,Z,FALSE,TRUE,,XXGPP_E_9_USB2_OC0_B,,TRUE
131,bc_1,*,control,1,,,,,,,,,
132,bc_8,XXGPP_E_8_DDPA_CTRLDATA,bidir,X,131,1,Z,FALSE,TRUE,,XXGPP_E_8_DDPA_CTRLDATA,,TRUE
133,bc_1,*,control,1,,,,,,,,,
134,bc_8,XXGPP_E_7_DDPA_CTRLCLK,bidir,X,133,1,Z,FALSE,TRUE,,XXGPP_E_7_DDPA_CTRLCLK,,TRUE
135,bc_1,*,control,1,,,,,,,,,
136,bc_8,XXGPP_E_6,bidir,X,135,1,Z,FALSE,TRUE,,XXGPP_E_6,,TRUE
137,bc_1,*,control,1,,,,,,,,,
138,bc_8,XXGPP_E_5_ISH_GP_7,bidir,X,137,1,Z,FALSE,TRUE,,XXGPP_E_5_ISH_GP_7,,TRUE
139,bc_1,*,control,1,,,,,,,,,
140,bc_8,XXGPP_E_4,bidir,X,139,1,Z,FALSE,TRUE,,XXGPP_E_4,,TRUE
141,bc_1,*,control,1,,,,,,,,,
142,bc_8,XXGPP_E_3_CPU_GP_0,bidir,X,141,1,Z,FALSE,TRUE,,XXGPP_E_3_CPU_GP_0,,TRUE
143,bc_1,*,control,1,,,,,,,,,
144,bc_8,XXGPP_E_2_CPU_GP_3_VRALERT_B_ISH_GP_10,bidir,X,143,1,Z,FALSE,TRUE,,XXGPP_E_2_CPU_GP_3_VRALERT_B_ISH_GP_10,,TRUE
145,bc_1,*,control,1,,,,,,,,,
146,bc_8,XXGPP_E_1_CPU_GP_2_SLP_DRAM_B_A_ISH_GP_5,bidir,X,145,1,Z,FALSE,TRUE,,XXGPP_E_1_CPU_GP_2_SLP_DRAM_B_A_ISH_GP_5,,TRUE
147,bc_1,*,control,1,,,,,,,,,
148,bc_8,XXGPP_E_0,bidir,X,147,1,Z,FALSE,TRUE,,XXGPP_E_0,,TRUE
149,bc_1,*,control,1,,,,,,,,,
150,bc_8,XXGPP_F_23_IEH_NONFATAL_ERR1_B_A_ISH_GP_9,bidir,X,149,1,Z,FALSE,TRUE,,XXGPP_F_23_IEH_NONFATAL_ERR1_B_A_ISH_GP_9,,TRUE
151,bc_1,*,control,1,,,,,,,,,
152,bc_8,XXGPP_F_22_THC1_SPI2_DSYNC_IEH_CORR_ERR0_B_A_ISH_GP_8,bidir,X,151,1,Z,FALSE,TRUE,,XXGPP_F_22_THC1_SPI2_DSYNC_IEH_CORR_ERR0_B_A_ISH_GP_8,,TRUE
153,bc_1,*,control,1,,,,,,,,,
154,bc_8,XXGPP_F_21,bidir,X,153,1,Z,FALSE,TRUE,,XXGPP_F_21,,TRUE
155,bc_1,*,control,1,,,,,,,,,
156,bc_8,XXGPP_F_20,bidir,X,155,1,Z,FALSE,TRUE,,XXGPP_F_20,,TRUE
157,bc_1,*,control,1,,,,,,,,,
158,bc_8,XXGPP_F_19,bidir,X,157,1,Z,FALSE,TRUE,,XXGPP_F_19,,TRUE
159,bc_1,*,control,1,,,,,,,,,
160,bc_8,XXGPP_F_18_THC1_SPI2_INT_B_A_GSPI0_CS0_B,bidir,X,159,1,Z,FALSE,TRUE,,XXGPP_F_18_THC1_SPI2_INT_B_A_GSPI0_CS0_B,,TRUE
161,bc_1,*,control,1,,,,,,,,,
162,bc_8,XXGPP_F_17_THC1_SPI2_CS_B_A_ISH_SPI_CS_B_GSPI1_CS0_B,bidir,X,161,1,Z,FALSE,TRUE,,XXGPP_F_17_THC1_SPI2_CS_B_A_ISH_SPI_CS_B_GSPI1_CS0_B,,TRUE
163,bc_1,*,control,1,,,,,,,,,
164,bc_8,XXGPP_F_16_THC1_SPI2_RST_B_A_GSPI0_CLK,bidir,X,163,1,Z,FALSE,TRUE,,XXGPP_F_16_THC1_SPI2_RST_B_A_GSPI0_CLK,,TRUE
165,bc_1,*,control,1,,,,,,,,,
166,bc_8,XXGPP_F_15_THC1_SPI2_IO_3_A_GSPI0_MISO,bidir,X,165,1,Z,FALSE,TRUE,,XXGPP_F_15_THC1_SPI2_IO_3_A_GSPI0_MISO,,TRUE
167,bc_1,*,control,1,,,,,,,,,
168,bc_8,XXGPP_F_14_THC1_SPI2_IO_2_A_GSPI0_MOSI,bidir,X,167,1,Z,FALSE,TRUE,,XXGPP_F_14_THC1_SPI2_IO_2_A_GSPI0_MOSI,,TRUE
169,bc_1,*,control,1,,,,,,,,,
170,bc_8,XXGPP_F_13_THC_I2C1_SDA_I3C2_SDA_THC1_SPI2_IO_1_A_ISH_SPI_MOSI_GSPI1_MISO_I2C5_SDA,bidir,X,169,1,Z,FALSE,TRUE,,XXGPP_F_13_THC_I2C1_SDA_I3C2_SDA_THC1_SPI2_IO_1_A_ISH_SPI_MOSI_GSPI1_MISO_I2C5_SDA,,TRUE
171,bc_1,*,control,1,,,,,,,,,
172,bc_8,XXGPP_F_12_THC_I2C1_SCL_I3C2_SCL_THC1_SPI2_IO_0_A_ISH_SPI_MISO_GSPI1_MOSI_I2C5_SCL,bidir,X,171,1,Z,FALSE,TRUE,,XXGPP_F_12_THC_I2C1_SCL_I3C2_SCL_THC1_SPI2_IO_0_A_ISH_SPI_MISO_GSPI1_MOSI_I2C5_SCL,,TRUE
173,bc_1,*,control,1,,,,,,,,,
174,bc_8,XXGPP_F_11_THC1_SPI2_CLK_A_ISH_SPI_CLK_GSPI1_CLK,bidir,X,173,1,Z,FALSE,TRUE,,XXGPP_F_11_THC1_SPI2_CLK_A_ISH_SPI_CLK_GSPI1_CLK,,TRUE
175,bc_1,*,control,1,,,,,,,,,
176,bc_8,XXGPP_F_10_A_ISH_GP_6,bidir,X,175,1,Z,FALSE,TRUE,,XXGPP_F_10_A_ISH_GP_6,,TRUE
177,bc_1,*,control,1,,,,,,,,,
178,bc_8,XXGPP_F_9_SX_EXIT_HOLDOFF_B_ISH_GP_11_IEH_FATAL_ERR2_B,bidir,X,177,1,Z,FALSE,TRUE,,XXGPP_F_9_SX_EXIT_HOLDOFF_B_ISH_GP_11_IEH_FATAL_ERR2_B,,TRUE
179,bc_1,*,control,1,,,,,,,,,
180,bc_8,XXGPP_F_8_FUSA_DIAGTEST_MODE,bidir,X,179,1,Z,FALSE,TRUE,,XXGPP_F_8_FUSA_DIAGTEST_MODE,,TRUE
181,bc_1,*,control,1,,,,,,,,,
182,bc_8,XXGPP_F_7_FUSA_DIAGTEST_EN_IMGCLKOUT_2,bidir,X,181,1,Z,FALSE,TRUE,,XXGPP_F_7_FUSA_DIAGTEST_EN_IMGCLKOUT_2,,TRUE
183,bc_1,*,control,1,,,,,,,,,
184,bc_8,XXGPP_F_6_CNV_PA_BLANKING,bidir,X,183,1,Z,FALSE,TRUE,,XXGPP_F_6_CNV_PA_BLANKING,,TRUE
185,bc_1,*,control,1,,,,,,,,,
186,bc_8,XXGPP_F_5_CRF_CLKREQ,bidir,X,185,1,Z,FALSE,TRUE,,XXGPP_F_5_CRF_CLKREQ,,TRUE
187,bc_1,*,control,1,,,,,,,,,
188,bc_8,XXGPP_F_4_CNV_RF_RESET_B,bidir,X,187,1,Z,FALSE,TRUE,,XXGPP_F_4_CNV_RF_RESET_B,,TRUE
189,bc_1,*,control,1,,,,,,,,,
190,bc_8,XXGPP_F_3_CNV_RGI_RSP_UART2_CTS_B,bidir,X,189,1,Z,FALSE,TRUE,,XXGPP_F_3_CNV_RGI_RSP_UART2_CTS_B,,TRUE
191,bc_1,*,control,1,,,,,,,,,
192,bc_8,XXGPP_F_2_CNV_RGI_DT_UART2_TXD,bidir,X,191,1,Z,FALSE,TRUE,,XXGPP_F_2_CNV_RGI_DT_UART2_TXD,,TRUE
193,bc_1,*,control,1,,,,,,,,,
194,bc_8,XXGPP_F_1_CNV_BRI_RSP_UART2_RXD,bidir,X,193,1,Z,FALSE,TRUE,,XXGPP_F_1_CNV_BRI_RSP_UART2_RXD,,TRUE
195,bc_1,*,control,1,,,,,,,,,
196,bc_8,XXGPP_F_0_CNV_BRI_DT_UART2_RTS_B,bidir,X,195,1,Z,FALSE,TRUE,,XXGPP_F_0_CNV_BRI_DT_UART2_RTS_B,,TRUE
197,bc_4,*,segment select,1,,,,,,,,,
198,bc_4,*,delay,0,,,,,,,,,
199,bc_4,*,internal,1,,,,,,,,,
200,bc_4,XXRTEST_B,input,X,,,,FALSE,FALSE,,XXRTEST_B,,TRUE
201,bc_4,*,internal,1,,,,,,,,,
202,bc_4,XXRSMRST_SOC_B,input,X,,,,FALSE,FALSE,,XXRSMRST_SOC_B,,TRUE
203,bc_4,*,internal,1,,,,,,,,,
204,bc_4,XXINTRUDER_B,input,X,,,,FALSE,FALSE,,XXINTRUDER_B,,TRUE
205,bc_4,*,segment select,1,,,,,,,,,
206,bc_4,*,delay,0,,,,,,,,,
207,bc_1,*,control,1,,,,,,,,,
208,bc_8,XXGPP_S_7_SNDW3_DATA3_SNDW2_DATA2_SNDW1_DATA0_DMIC_DATA_1_I2S2_RXD,bidir,X,207,1,Z,FALSE,TRUE,,XXGPP_S_7_SNDW3_DATA3_SNDW2_DATA2_SNDW1_DATA0_DMIC_DATA_1_I2S2_RXD,,TRUE
209,bc_1,*,control,1,,,,,,,,,
210,bc_8,XXGPP_S_6_SNDW2_DATA1_SNDW1_CLK_DMIC_CLK_A_1_I2S2_TXD,bidir,X,209,1,Z,FALSE,TRUE,,XXGPP_S_6_SNDW2_DATA1_SNDW1_CLK_DMIC_CLK_A_1_I2S2_TXD,,TRUE
211,bc_1,*,control,1,,,,,,,,,
212,bc_8,XXGPP_S_5_SNDW2_DATA0_DMIC_DATA_0_I2S2_SFRM,bidir,X,211,1,Z,FALSE,TRUE,,XXGPP_S_5_SNDW2_DATA0_DMIC_DATA_0_I2S2_SFRM,,TRUE
213,bc_1,*,control,1,,,,,,,,,
214,bc_8,XXGPP_S_4_SNDW2_CLK_DMIC_CLK_A_0_I2S2_SCLK,bidir,X,213,1,Z,FALSE,TRUE,,XXGPP_S_4_SNDW2_CLK_DMIC_CLK_A_0_I2S2_SCLK,,TRUE
215,bc_1,*,control,1,,,,,,,,,
216,bc_8,XXGPP_S_3_SNDW3_DATA2_SNDW2_DATA1_SNDW0_DATA0_DMIC_DATA_0_I2S1_SFRM,bidir,X,215,1,Z,FALSE,TRUE,,XXGPP_S_3_SNDW3_DATA2_SNDW2_DATA1_SNDW0_DATA0_DMIC_DATA_0_I2S1_SFRM,,TRUE
217,bc_1,*,control,1,,,,,,,,,
218,bc_8,XXGPP_S_2_SNDW3_DATA1_SNDW0_CLK_DMIC_CLK_A_0_I2S1_SCLK,bidir,X,217,1,Z,FALSE,TRUE,,XXGPP_S_2_SNDW3_DATA1_SNDW0_CLK_DMIC_CLK_A_0_I2S1_SCLK,,TRUE
219,bc_1,*,control,1,,,,,,,,,
220,bc_8,XXGPP_S_1_SNDW3_DATA0_I2S1_RXD,bidir,X,219,1,Z,FALSE,TRUE,,XXGPP_S_1_SNDW3_DATA0_I2S1_RXD,,TRUE
221,bc_1,*,control,1,,,,,,,,,
222,bc_8,XXGPP_S_0_SNDW3_CLK_I2S1_TXD,bidir,X,221,1,Z,FALSE,TRUE,,XXGPP_S_0_SNDW3_CLK_I2S1_TXD,,TRUE
223,bc_4,*,segment select,1,,,,,,,,,
224,bc_4,*,delay,0,,,,,,,,,
225,BC_4,XXPCIE_C4_RXN,observe_only,1,,,,TRUE,FALSE,XXPCIE_C4_RXP,XXPCIE_C4_RXN,,TRUE
226,BC_4,XXPCIE_C4_RXP,observe_only,1,,,,TRUE,FALSE,XXPCIE_C4_RXN,XXPCIE_C4_RXP,,TRUE
227,AC_1,XXPCIE_C4_TXP,output2,1,,,,TRUE,FALSE,XXPCIE_C4_TXN,XXPCIE_C4_TXP,,TRUE
228,BC_4,XXPCIE_C3_RXN,observe_only,1,,,,TRUE,FALSE,XXPCIE_C3_RXP,XXPCIE_C3_RXN,,TRUE
229,BC_4,XXPCIE_C3_RXP,observe_only,1,,,,TRUE,FALSE,XXPCIE_C3_RXN,XXPCIE_C3_RXP,,TRUE
230,AC_1,XXPCIE_C3_TXP,output2,1,,,,TRUE,FALSE,XXPCIE_C3_TXN,XXPCIE_C3_TXP,,TRUE
231,BC_4,XXPCIE_C2_RXN,observe_only,1,,,,TRUE,FALSE,XXPCIE_C2_RXP,XXPCIE_C2_RXN,,TRUE
232,BC_4,XXPCIE_C2_RXP,observe_only,1,,,,TRUE,FALSE,XXPCIE_C2_RXN,XXPCIE_C2_RXP,,TRUE
233,AC_1,XXPCIE_C2_TXP,output2,1,,,,TRUE,FALSE,XXPCIE_C2_TXN,XXPCIE_C2_TXP,,TRUE
234,BC_4,XXPCIE_C1_RXN,observe_only,1,,,,TRUE,FALSE,XXPCIE_C1_RXP,XXPCIE_C1_RXN,,TRUE
235,BC_4,XXPCIE_C1_RXP,observe_only,1,,,,TRUE,FALSE,XXPCIE_C1_RXN,XXPCIE_C1_RXP,,TRUE
236,AC_1,XXPCIE_C1_TXP,output2,1,,,,TRUE,FALSE,XXPCIE_C1_TXN,XXPCIE_C1_TXP,,TRUE
237,bc_4,*,segment select,1,,,,,,,,,
238,bc_4,*,power,1,,,,,,,,,
239,bc_4,*,delay,0,,,,,,,,,
240,bc_4,XXPCIE_B4_RXN,observe_only,1,,,,TRUE,FALSE,XXPCIE_B4_RXP,XXPCIE_B4_RXN,,TRUE
241,bc_4,XXPCIE_B4_RXP,observe_only,1,,,,TRUE,FALSE,XXPCIE_B4_RXN,XXPCIE_B4_RXP,,TRUE
242,AC_1,XXPCIE_B4_TXP,output2,1,,,,TRUE,FALSE,XXPCIE_B4_TXN,XXPCIE_B4_TXP,,TRUE
243,bc_4,XXPCIE_B3_RXN,observe_only,1,,,,TRUE,FALSE,XXPCIE_B3_RXP,XXPCIE_B3_RXN,,TRUE
244,bc_4,XXPCIE_B3_RXP,observe_only,1,,,,TRUE,FALSE,XXPCIE_B3_RXN,XXPCIE_B3_RXP,,TRUE
245,AC_1,XXPCIE_B3_TXP,output2,1,,,,TRUE,FALSE,XXPCIE_B3_TXN,XXPCIE_B3_TXP,,TRUE
246,bc_4,XXPCIE_B2_RXN,observe_only,1,,,,TRUE,FALSE,XXPCIE_B2_RXP,XXPCIE_B2_RXN,,TRUE
247,bc_4,XXPCIE_B2_RXP,observe_only,1,,,,TRUE,FALSE,XXPCIE_B2_RXN,XXPCIE_B2_RXP,,TRUE
248,AC_1,XXPCIE_B2_TXP,output2,1,,,,TRUE,FALSE,XXPCIE_B2_TXN,XXPCIE_B2_TXP,,TRUE
249,bc_4,XXPCIE_B1_RXN,observe_only,1,,,,TRUE,FALSE,XXPCIE_B1_RXP,XXPCIE_B1_RXN,,TRUE
250,bc_4,XXPCIE_B1_RXP,observe_only,1,,,,TRUE,FALSE,XXPCIE_B1_RXN,XXPCIE_B1_RXP,,TRUE
251,AC_1,XXPCIE_B1_TXP,output2,1,,,,TRUE,FALSE,XXPCIE_B1_TXN,XXPCIE_B1_TXP,,TRUE
252,bc_4,*,segment select,1,,,,,,,,,
253,bc_4,*,power,1,,,,,,,,,
254,bc_4,*,delay,0,,,,,,,,,
255,bc_4,XXUFS_01_RXN,observe_only,1,,,,TRUE,FALSE,XXUFS_01_RXP,XXUFS_01_RXN,,TRUE
256,bc_4,XXUFS_01_RXP,observe_only,1,,,,TRUE,FALSE,XXUFS_01_RXN,XXUFS_01_RXP,,TRUE
257,AC_1,XXUFS_01_TXP,output2,1,,,,TRUE,FALSE,XXUFS_01_TXN,XXUFS_01_TXP,,TRUE
258,bc_4,XXUFS_00_RXN,observe_only,1,,,,TRUE,FALSE,XXUFS_00_RXP,XXUFS_00_RXN,,TRUE
259,bc_4,XXUFS_00_RXP,observe_only,1,,,,TRUE,FALSE,XXUFS_00_RXN,XXUFS_00_RXP,,TRUE
260,AC_1,XXUFS_00_TXP,output2,1,,,,TRUE,FALSE,XXUFS_00_TXN,XXUFS_00_TXP,,TRUE
261,bc_4,*,segment select,1,,,,,,,,,
262,bc_4,*,delay,0,,,,,,,,,
263,bc_2,*,internal,0,,,,,,,,,
264,bc_2,XXCLKOUT_SRC8_N,observe_only,X,,,,FALSE,TRUE,XXCLKOUT_SRC8_P,XXCLKOUT_SRC8_N,,TRUE
265,bc_2,*,control,0,,,,,,,,,
266,bc_2,XXCLKOUT_SRC8_P,output3,X,265,0,Z,FALSE,TRUE,XXCLKOUT_SRC8_N,XXCLKOUT_SRC8_P,,TRUE
267,bc_2,*,internal,0,,,,,,,,,
268,bc_2,XXCLKOUT_SRC7_N,observe_only,X,,,,FALSE,TRUE,XXCLKOUT_SRC7_P,XXCLKOUT_SRC7_N,,TRUE
269,bc_2,*,control,0,,,,,,,,,
270,bc_2,XXCLKOUT_SRC7_P,output3,X,269,0,Z,FALSE,TRUE,XXCLKOUT_SRC7_N,XXCLKOUT_SRC7_P,,TRUE
271,bc_2,*,internal,0,,,,,,,,,
272,bc_2,XXCLKOUT_SRC6_N,observe_only,X,,,,FALSE,TRUE,XXCLKOUT_SRC6_P,XXCLKOUT_SRC6_N,,TRUE
273,bc_2,*,control,0,,,,,,,,,
274,bc_2,XXCLKOUT_SRC6_P,output3,X,273,0,Z,FALSE,TRUE,XXCLKOUT_SRC6_N,XXCLKOUT_SRC6_P,,TRUE
275,bc_2,*,internal,0,,,,,,,,,
276,bc_2,XXCLKOUT_SRC5_N,observe_only,X,,,,FALSE,TRUE,XXCLKOUT_SRC5_P,XXCLKOUT_SRC5_N,,TRUE
277,bc_2,*,control,0,,,,,,,,,
278,bc_2,XXCLKOUT_SRC5_P,output3,X,277,0,Z,FALSE,TRUE,XXCLKOUT_SRC5_N,XXCLKOUT_SRC5_P,,TRUE
279,bc_2,*,internal,0,,,,,,,,,
280,bc_2,XXCLKOUT_SRC4_N,observe_only,X,,,,FALSE,TRUE,XXCLKOUT_SRC4_P,XXCLKOUT_SRC4_N,,TRUE
281,bc_2,*,control,0,,,,,,,,,
282,bc_2,XXCLKOUT_SRC4_P,output3,X,281,0,Z,FALSE,TRUE,XXCLKOUT_SRC4_N,XXCLKOUT_SRC4_P,,TRUE
283,bc_2,*,internal,0,,,,,,,,,
284,bc_2,XXCLKOUT_SRC3_N,observe_only,X,,,,FALSE,TRUE,XXCLKOUT_SRC3_P,XXCLKOUT_SRC3_N,,TRUE
285,bc_2,*,control,0,,,,,,,,,
286,bc_2,XXCLKOUT_SRC3_P,output3,X,285,0,Z,FALSE,TRUE,XXCLKOUT_SRC3_N,XXCLKOUT_SRC3_P,,TRUE
287,bc_2,*,internal,0,,,,,,,,,
288,bc_2,XXCLKOUT_SRC2_N,observe_only,X,,,,FALSE,TRUE,XXCLKOUT_SRC2_P,XXCLKOUT_SRC2_N,,TRUE
289,bc_2,*,control,0,,,,,,,,,
290,bc_2,XXCLKOUT_SRC2_P,output3,X,289,0,Z,FALSE,TRUE,XXCLKOUT_SRC2_N,XXCLKOUT_SRC2_P,,TRUE
291,bc_2,*,internal,0,,,,,,,,,
292,bc_2,XXCLKOUT_SRC1_N,observe_only,X,,,,FALSE,TRUE,XXCLKOUT_SRC1_P,XXCLKOUT_SRC1_N,,TRUE
293,bc_2,*,control,0,,,,,,,,,
294,bc_2,XXCLKOUT_SRC1_P,output3,X,293,0,Z,FALSE,TRUE,XXCLKOUT_SRC1_N,XXCLKOUT_SRC1_P,,TRUE
295,bc_2,*,internal,0,,,,,,,,,
296,bc_2,XXCLKOUT_SRC0_N,observe_only,X,,,,FALSE,TRUE,XXCLKOUT_SRC0_P,XXCLKOUT_SRC0_N,,TRUE
297,bc_2,*,control,0,,,,,,,,,
298,bc_2,XXCLKOUT_SRC0_P,output3,X,297,0,Z,FALSE,TRUE,XXCLKOUT_SRC0_N,XXCLKOUT_SRC0_P,,TRUE
299,bc_2,*,internal,0,,,,,,,,,
300,bc_2,*,internal,X,,,,,,,,,
301,bc_2,*,internal,0,,,,,,,,,
302,bc_2,*,internal,X,,,,,,,,,
303,bc_2,*,internal,0,,,,,,,,,
304,bc_2,*,internal,X,,,,,,,,,
305,bc_4,*,segment select,1,,,,,,,,,
306,bc_4,*,power,1,,,,,,,,,
307,bc_4,*,delay,0,,,,,,,,,
308,AC_1,XXTCP3_TX_P1,output2,1,,,,TRUE,FALSE,XXTCP3_TX_N1,XXTCP3_TX_P1,,TRUE
309,bc_4,*,internal,X,,,,,,,,,
310,bc_4,*,internal,X,,,,,,,,,
311,AC_1,XXTCP3_TXRX_P1,output2,1,,,,TRUE,FALSE,XXTCP3_TXRX_N1,XXTCP3_TXRX_P1,,TRUE
312,bc_4,*,internal,X,,,,,,,,,
313,bc_4,*,internal,X,,,,,,,,,
314,AC_1,XXTCP3_TXRX_P0,output2,1,,,,TRUE,FALSE,XXTCP3_TXRX_N0,XXTCP3_TXRX_P0,,TRUE
315,AC_1,XXTCP3_TX_P0,output2,1,,,,TRUE,FALSE,XXTCP3_TX_N0,XXTCP3_TX_P0,,TRUE
316,bc_4,*,segment select,1,,,,,,,,,
317,bc_4,*,power,1,,,,,,,,,
318,bc_4,*,delay,0,,,,,,,,,
319,AC_1,XXTCP2_TX_P1,output2,1,,,,TRUE,FALSE,XXTCP2_TX_N1,XXTCP2_TX_P1,,TRUE
320,bc_4,*,internal,X,,,,,,,,,
321,bc_4,*,internal,X,,,,,,,,,
322,AC_1,XXTCP2_TXRX_P1,output2,1,,,,TRUE,FALSE,XXTCP2_TXRX_N1,XXTCP2_TXRX_P1,,TRUE
323,bc_4,*,internal,X,,,,,,,,,
324,bc_4,*,internal,X,,,,,,,,,
325,AC_1,XXTCP2_TXRX_P0,output2,1,,,,TRUE,FALSE,XXTCP2_TXRX_N0,XXTCP2_TXRX_P0,,TRUE
326,AC_1,XXTCP2_TX_P0,output2,1,,,,TRUE,FALSE,XXTCP2_TX_N0,XXTCP2_TX_P0,,TRUE
327,bc_4,*,segment select,1,,,,,,,,,
328,bc_4,*,power,1,,,,,,,,,
329,bc_4,*,delay,0,,,,,,,,,
330,AC_1,XXTCP0_TX_P1,output2,1,,,,TRUE,FALSE,XXTCP0_TX_N1,XXTCP0_TX_P1,,TRUE
331,bc_4,*,internal,X,,,,,,,,,
332,bc_4,*,internal,X,,,,,,,,,
333,AC_1,XXTCP0_TXRX_P1,output2,1,,,,TRUE,FALSE,XXTCP0_TXRX_N1,XXTCP0_TXRX_P1,,TRUE
334,bc_4,*,internal,X,,,,,,,,,
335,bc_4,*,internal,X,,,,,,,,,
336,AC_1,XXTCP0_TXRX_P0,output2,1,,,,TRUE,FALSE,XXTCP0_TXRX_N0,XXTCP0_TXRX_P0,,TRUE
337,AC_1,XXTCP0_TX_P0,output2,1,,,,TRUE,FALSE,XXTCP0_TX_N0,XXTCP0_TX_P0,,TRUE
338,bc_4,*,segment select,1,,,,,,,,,
339,bc_4,*,power,1,,,,,,,,,
340,bc_4,*,delay,0,,,,,,,,,
341,AC_1,XXTCP1_TX_P1,output2,1,,,,TRUE,FALSE,XXTCP1_TX_N1,XXTCP1_TX_P1,,TRUE
342,bc_4,*,internal,X,,,,,,,,,
343,bc_4,*,internal,X,,,,,,,,,
344,AC_1,XXTCP1_TXRX_P1,output2,1,,,,TRUE,FALSE,XXTCP1_TXRX_N1,XXTCP1_TXRX_P1,,TRUE
345,bc_4,*,internal,X,,,,,,,,,
346,bc_4,*,internal,X,,,,,,,,,
347,AC_1,XXTCP1_TXRX_P0,output2,1,,,,TRUE,FALSE,XXTCP1_TXRX_N0,XXTCP1_TXRX_P0,,TRUE
348,AC_1,XXTCP1_TX_P0,output2,1,,,,TRUE,FALSE,XXTCP1_TX_N0,XXTCP1_TX_P0,,TRUE
349,bc_4,*,segment select,1,,,,,,,,,
350,bc_4,*,power,1,,,,,,,,,
351,bc_4,*,delay,0,,,,,,,,,
352,BC_4,*,internal,X,,,,,,,,,
353,BC_4,*,internal,X,,,,,,,,,
354,AC_1,XXDDI_A_TX_2_P,output2,1,,,,TRUE,FALSE,XXDDI_A_TX_2_N,XXDDI_A_TX_2_P,,TRUE
355,BC_4,*,internal,X,,,,,,,,,
356,BC_4,*,internal,X,,,,,,,,,
357,AC_1,XXDDI_A_TX_3_P,output2,1,,,,TRUE,FALSE,XXDDI_A_TX_3_N,XXDDI_A_TX_3_P,,TRUE
358,BC_4,*,internal,X,,,,,,,,,
359,BC_4,*,internal,X,,,,,,,,,
360,AC_1,XXDDI_A_TX_1_P,output2,1,,,,TRUE,FALSE,XXDDI_A_TX_1_N,XXDDI_A_TX_1_P,,TRUE
361,BC_4,*,internal,X,,,,,,,,,
362,BC_4,*,internal,X,,,,,,,,,
363,AC_1,XXDDI_A_TX_0_P,output2,1,,,,TRUE,FALSE,XXDDI_A_TX_0_N,XXDDI_A_TX_0_P,,TRUE
364,bc_4,*,segment select,1,,,,,,,,,
365,bc_4,*,delay,0,,,,,,,,,
366,bc_1,*,control,0,,,,,,,,,
367,bc_8,MLK_RSTB_UNUSED,bidir,X,366,0,Z,FALSE,TRUE,,MLK_RSTB_UNUSED,,TRUE
368,bc_1,*,control,0,,,,,,,,,
369,bc_8,XXMLK_DATA,bidir,X,368,0,Z,FALSE,TRUE,,XXMLK_DATA,,TRUE
370,bc_1,*,control,0,,,,,,,,,
371,bc_8,XXMLK_CLK,bidir,X,370,0,Z,FALSE,TRUE,,XXMLK_CLK,,TRUE
372,bc_4,*,segment select,1,,,,,,,,,
373,bc_4,*,delay,0,,,,,,,,,
374,bc_4,XXPCIE_A4_RXN,observe_only,1,,,,TRUE,FALSE,XXPCIE_A4_RXP,XXPCIE_A4_RXN,,TRUE
375,bc_4,XXPCIE_A4_RXP,observe_only,1,,,,TRUE,FALSE,XXPCIE_A4_RXN,XXPCIE_A4_RXP,,TRUE
376,AC_1,XXPCIE_A4_TXP,output2,1,,,,TRUE,FALSE,XXPCIE_A4_TXN,XXPCIE_A4_TXP,,TRUE
377,bc_4,XXPCIE_A3_RXN,observe_only,1,,,,TRUE,FALSE,XXPCIE_A3_RXP,XXPCIE_A3_RXN,,TRUE
378,bc_4,XXPCIE_A3_RXP,observe_only,1,,,,TRUE,FALSE,XXPCIE_A3_RXN,XXPCIE_A3_RXP,,TRUE
379,AC_1,XXPCIE_A3_TXP,output2,1,,,,TRUE,FALSE,XXPCIE_A3_TXN,XXPCIE_A3_TXP,,TRUE
380,bc_4,XXPCIE_A2_RXN,observe_only,1,,,,TRUE,FALSE,XXPCIE_A2_RXP,XXPCIE_A2_RXN,,TRUE
381,bc_4,XXPCIE_A2_RXP,observe_only,1,,,,TRUE,FALSE,XXPCIE_A2_RXN,XXPCIE_A2_RXP,,TRUE
382,AC_1,XXPCIE_A2_TXP,output2,1,,,,TRUE,FALSE,XXPCIE_A2_TXN,XXPCIE_A2_TXP,,TRUE
383,bc_4,XXPCIE_A1_LAN_0_RXN,observe_only,1,,,,TRUE,FALSE,XXPCIE_A1_LAN_0_RXP,XXPCIE_A1_LAN_0_RXN,,TRUE
384,bc_4,XXPCIE_A1_LAN_0_RXP,observe_only,1,,,,TRUE,FALSE,XXPCIE_A1_LAN_0_RXN,XXPCIE_A1_LAN_0_RXP,,TRUE
385,AC_1,XXPCIE_A1_LAN_0_TXP,output2,1,,,,TRUE,FALSE,XXPCIE_A1_LAN_0_TXN,XXPCIE_A1_LAN_0_TXP,,TRUE
386,bc_4,*,segment select,1,,,,,,,,,
387,bc_4,*,power,1,,,,,,,,,
388,bc_4,*,delay,0,,,,,,,,,
389,bc_4,XXUSB32_2_RXN,observe_only,1,,,,TRUE,FALSE,,XXUSB32_2_RXN,,TRUE
390,bc_4,XXUSB32_2_RXP,observe_only,1,,,,TRUE,FALSE,,XXUSB32_2_RXP,,TRUE
391,AC_1,XXUSB32_2_TXP,output2,1,,,,TRUE,FALSE,XXUSB32_2_TXN,XXUSB32_2_TXP,,TRUE
392,bc_4,XXUSB32_1_RXN,observe_only,1,,,,TRUE,FALSE,,XXUSB32_1_RXN,,TRUE
393,bc_4,XXUSB32_1_RXP,observe_only,1,,,,TRUE,FALSE,,XXUSB32_1_RXP,,TRUE
394,AC_1,XXUSB32_1_TXP,output2,1,,,,TRUE,FALSE,XXUSB32_1_TXN,XXUSB32_1_TXP,,TRUE
395,bc_4,*,segment select,1,,,,,,,,,
396,bc_4,*,power,1,,,,,,,,,
397,bc_4,*,delay,0,,,,,,,,,
398,bc_2,*,control,0,,,,,,,,,
399,bc_8,XXUSB2N_8,bidir,X,398,0,Z,FALSE,FALSE,,XXUSB2N_8,,TRUE
400,bc_2,*,control,0,,,,,,,,,
401,bc_8,XXUSB2P_8,bidir,X,400,0,Z,FALSE,FALSE,,XXUSB2P_8,,TRUE
402,bc_2,*,control,0,,,,,,,,,
403,bc_8,XXUSB2N_7,bidir,X,402,0,Z,FALSE,FALSE,,XXUSB2N_7,,TRUE
404,bc_2,*,control,0,,,,,,,,,
405,bc_8,XXUSB2P_7,bidir,X,404,0,Z,FALSE,FALSE,,XXUSB2P_7,,TRUE
406,bc_2,*,control,0,,,,,,,,,
407,bc_8,XXUSB2N_6,bidir,X,406,0,Z,FALSE,FALSE,,XXUSB2N_6,,TRUE
408,bc_2,*,control,0,,,,,,,,,
409,bc_8,XXUSB2P_6,bidir,X,408,0,Z,FALSE,FALSE,,XXUSB2P_6,,TRUE
410,bc_2,*,control,0,,,,,,,,,
411,bc_8,XXUSB2N_5,bidir,X,410,0,Z,FALSE,FALSE,,XXUSB2N_5,,TRUE
412,bc_2,*,control,0,,,,,,,,,
413,bc_8,XXUSB2P_5,bidir,X,412,0,Z,FALSE,FALSE,,XXUSB2P_5,,TRUE
414,bc_2,*,control,0,,,,,,,,,
415,bc_8,XXUSB2N_4,bidir,X,414,0,Z,FALSE,FALSE,,XXUSB2N_4,,TRUE
416,bc_2,*,control,0,,,,,,,,,
417,bc_8,XXUSB2P_4,bidir,X,416,0,Z,FALSE,FALSE,,XXUSB2P_4,,TRUE
418,bc_2,*,control,0,,,,,,,,,
419,bc_8,XXUSB2N_3,bidir,X,418,0,Z,FALSE,FALSE,,XXUSB2N_3,,TRUE
420,bc_2,*,control,0,,,,,,,,,
421,bc_8,XXUSB2P_3,bidir,X,420,0,Z,FALSE,FALSE,,XXUSB2P_3,,TRUE
422,bc_2,*,control,0,,,,,,,,,
423,bc_8,XXUSB2N_2,bidir,X,422,0,Z,FALSE,FALSE,,XXUSB2N_2,,TRUE
424,bc_2,*,control,0,,,,,,,,,
425,bc_8,XXUSB2P_2,bidir,X,424,0,Z,FALSE,FALSE,,XXUSB2P_2,,TRUE
426,bc_2,*,control,0,,,,,,,,,
427,bc_8,XXUSB2N_1,bidir,X,426,0,Z,FALSE,FALSE,,XXUSB2N_1,,TRUE
428,bc_2,*,control,0,,,,,,,,,
429,bc_8,XXUSB2P_1,bidir,X,428,0,Z,FALSE,FALSE,,XXUSB2P_1,,TRUE
430,bc_4,*,segment select,1,,,,,,,,,
431,bc_4,*,power,1,,,,,,,,,
432,bc_4,*,delay,0,,,,,,,,,
433,bc_1,*,control,1,,,,,,,,,
434,bc_8,XXGPP_D_25_ESPI_ALERT3_B,bidir,X,433,1,Z,FALSE,TRUE,,XXGPP_D_25_ESPI_ALERT3_B,,TRUE
435,bc_1,*,control,1,,,,,,,,,
436,bc_8,XXGPP_D_24_ESPI_ALERT2_B,bidir,X,435,1,Z,FALSE,TRUE,,XXGPP_D_24_ESPI_ALERT2_B,,TRUE
437,bc_1,*,control,1,,,,,,,,,
438,bc_8,XXGPP_D_23_BPKI3C_SCL,bidir,X,437,1,Z,FALSE,TRUE,,XXGPP_D_23_BPKI3C_SCL,,TRUE
439,bc_1,*,control,1,,,,,,,,,
440,bc_8,XXGPP_D_22_BPKI3C_SDA,bidir,X,439,1,Z,FALSE,TRUE,,XXGPP_D_22_BPKI3C_SDA,,TRUE
441,bc_1,*,control,1,,,,,,,,,
442,bc_8,XXGPP_D_21_UFS_REFCLK_SRCCLKREQ8_B,bidir,X,441,1,Z,FALSE,TRUE,,XXGPP_D_21_UFS_REFCLK_SRCCLKREQ8_B,,TRUE
443,bc_1,*,control,1,,,,,,,,,
444,bc_8,XXGPP_D_20_SRCCLKREQ7_B,bidir,X,443,1,Z,FALSE,TRUE,,XXGPP_D_20_SRCCLKREQ7_B,,TRUE
445,bc_1,*,control,1,,,,,,,,,
446,bc_8,XXGPP_D_19_TBT_LSX0_OE,bidir,X,445,1,Z,FALSE,TRUE,,XXGPP_D_19_TBT_LSX0_OE,,TRUE
447,bc_1,*,control,1,,,,,,,,,
448,bc_8,XXGPP_D_18_SRCCLKREQ6_B,bidir,X,447,1,Z,FALSE,TRUE,,XXGPP_D_18_SRCCLKREQ6_B,,TRUE
449,bc_1,*,control,1,,,,,,,,,
450,bc_8,XXGPP_D_17_HDA_SDI_1_DMIC_DATA_1,bidir,X,449,1,Z,FALSE,TRUE,,XXGPP_D_17_HDA_SDI_1_DMIC_DATA_1,,TRUE
451,bc_1,*,control,1,,,,,,,,,
452,bc_8,XXGPP_D_16_HDA_RST_B_DMIC_CLK_A_1,bidir,X,451,1,Z,FALSE,TRUE,,XXGPP_D_16_HDA_RST_B_DMIC_CLK_A_1,,TRUE
453,bc_1,*,control,1,,,,,,,,,
454,bc_8,XXGPP_D_15,bidir,X,453,1,Z,FALSE,TRUE,,XXGPP_D_15,,TRUE
455,bc_1,*,control,1,,,,,,,,,
456,bc_8,XXGPP_D_14_TBT_LSX3_OE,bidir,X,455,1,Z,FALSE,TRUE,,XXGPP_D_14_TBT_LSX3_OE,,TRUE
457,bc_1,*,control,1,,,,,,,,,
458,bc_8,XXGPP_D_13_HDA_SDI_0_I2S0_RXD_HDACPU_SDI,bidir,X,457,1,Z,FALSE,TRUE,,XXGPP_D_13_HDA_SDI_0_I2S0_RXD_HDACPU_SDI,,TRUE
459,bc_1,*,control,1,,,,,,,,,
460,bc_8,XXGPP_D_12_HDA_SDO_I2S0_TXD_HDACPU_SDO,bidir,X,459,1,Z,FALSE,TRUE,,XXGPP_D_12_HDA_SDO_I2S0_TXD_HDACPU_SDO,,TRUE
461,bc_1,*,control,1,,,,,,,,,
462,bc_8,XXGPP_D_11_HDA_SYNC_I2S0_SFRM,bidir,X,461,1,Z,FALSE,TRUE,,XXGPP_D_11_HDA_SYNC_I2S0_SFRM,,TRUE
463,bc_1,*,control,1,,,,,,,,,
464,bc_8,XXGPP_D_10_HDA_BCLK_I2S0_SCLK_HDACPU_BCLK,bidir,X,463,1,Z,FALSE,TRUE,,XXGPP_D_10_HDA_BCLK_I2S0_SCLK_HDACPU_BCLK,,TRUE
465,bc_1,*,control,1,,,,,,,,,
466,bc_8,XXGPP_D_9_I2S_MCLK1_OUT,bidir,X,465,1,Z,FALSE,TRUE,,XXGPP_D_9_I2S_MCLK1_OUT,,TRUE
467,bc_1,*,control,1,,,,,,,,,
468,bc_8,XXGPP_D_8_ISH_UART0_CTS_B_ISH_SPI_MOSI_SML0BALERT_B,bidir,X,467,1,Z,FALSE,TRUE,,XXGPP_D_8_ISH_UART0_CTS_B_ISH_SPI_MOSI_SML0BALERT_B,,TRUE
469,bc_1,*,control,1,,,,,,,,,
470,bc_8,XXGPP_D_7_ISH_UART0_RTS_B_ISH_SPI_MISO,bidir,X,469,1,Z,FALSE,TRUE,,XXGPP_D_7_ISH_UART0_RTS_B_ISH_SPI_MISO,,TRUE
471,bc_1,*,control,1,,,,,,,,,
472,bc_8,XXGPP_D_6_ISH_UART0_TXD_ISH_SPI_CLK_SML0BCLK,bidir,X,471,1,Z,FALSE,TRUE,,XXGPP_D_6_ISH_UART0_TXD_ISH_SPI_CLK_SML0BCLK,,TRUE
473,bc_1,*,control,1,,,,,,,,,
474,bc_8,XXGPP_D_5_ISH_UART0_RXD_ISH_SPI_CS_B_SML0BDATA,bidir,X,473,1,Z,FALSE,TRUE,,XXGPP_D_5_ISH_UART0_RXD_ISH_SPI_CS_B_SML0BDATA,,TRUE
475,bc_1,*,control,1,,,,,,,,,
476,bc_8,XXGPP_D_4_IMGCLKOUT_0,bidir,X,475,1,Z,FALSE,TRUE,,XXGPP_D_4_IMGCLKOUT_0,,TRUE
477,bc_1,*,control,1,,,,,,,,,
478,bc_8,XXGPP_D_3_CPU_GP_1,bidir,X,477,1,Z,FALSE,TRUE,,XXGPP_D_3_CPU_GP_1,,TRUE
479,bc_1,*,control,1,,,,,,,,,
480,bc_8,XXGPP_D_2_A_I2C3_SCL_L_BKLTCTL2_A_ISH_I2C2_SCL,bidir,X,479,1,Z,FALSE,TRUE,,XXGPP_D_2_A_I2C3_SCL_L_BKLTCTL2_A_ISH_I2C2_SCL,,TRUE
481,bc_1,*,control,1,,,,,,,,,
482,bc_8,XXGPP_D_1_A_I2C3_SDA_L_BKLTEN2_A_ISH_I2C2_SDA,bidir,X,481,1,Z,FALSE,TRUE,,XXGPP_D_1_A_I2C3_SDA_L_BKLTEN2_A_ISH_I2C2_SDA,,TRUE
483,bc_1,*,control,1,,,,,,,,,
484,bc_8,XXGPP_D_0_IMGCLKOUT_1,bidir,X,483,1,Z,FALSE,TRUE,,XXGPP_D_0_IMGCLKOUT_1,,TRUE
485,bc_1,*,control,1,,,,,,,,,
486,bc_8,XXGPP_B_25_ESPI_ALERT1_B,bidir,X,485,1,Z,FALSE,TRUE,,XXGPP_B_25_ESPI_ALERT1_B,,TRUE
487,bc_1,*,control,1,,,,,,,,,
488,bc_8,XXGPP_B_24_ESPI_ALERT0_B,bidir,X,487,1,Z,FALSE,TRUE,,XXGPP_B_24_ESPI_ALERT0_B,,TRUE
489,bc_1,*,control,1,,,,,,,,,
490,bc_8,XXGPP_B_23_TIME_SYNC_1_ISH_GP_6,bidir,X,489,1,Z,FALSE,TRUE,,XXGPP_B_23_TIME_SYNC_1_ISH_GP_6,,TRUE
491,bc_1,*,control,1,,,,,,,,,
492,bc_8,XXGPP_B_22_TIME_SYNC_0_ISH_GP_5,bidir,X,491,1,Z,FALSE,TRUE,,XXGPP_B_22_TIME_SYNC_0_ISH_GP_5,,TRUE
493,bc_1,*,control,1,,,,,,,,,
494,bc_8,XXGPP_B_21_A_I2C5_SCL_CNV_MFUART0_CTS_B_ISH_GP_9,bidir,X,493,1,Z,FALSE,TRUE,,XXGPP_B_21_A_I2C5_SCL_CNV_MFUART0_CTS_B_ISH_GP_9,,TRUE
495,bc_1,*,control,1,,,,,,,,,
496,bc_8,XXGPP_B_20_A_I2C5_SDA_CNV_MFUART0_RTS_B_ISH_GP_8,bidir,X,495,1,Z,FALSE,TRUE,,XXGPP_B_20_A_I2C5_SDA_CNV_MFUART0_RTS_B_ISH_GP_8,,TRUE
497,bc_1,*,control,1,,,,,,,,,
498,bc_8,XXGPP_B_19_ISH_I2C2_SCL_A_I2C4_SCL_CNV_MFUART0_TXD,bidir,X,497,1,Z,FALSE,TRUE,,XXGPP_B_19_ISH_I2C2_SCL_A_I2C4_SCL_CNV_MFUART0_TXD,,TRUE
499,bc_1,*,control,1,,,,,,,,,
500,bc_8,XXGPP_B_18_ISH_I2C2_SDA_A_I2C4_SDA_CNV_MFUART0_RXD,bidir,X,499,1,Z,FALSE,TRUE,,XXGPP_B_18_ISH_I2C2_SDA_A_I2C4_SDA_CNV_MFUART0_RXD,,TRUE
501,bc_1,*,control,1,,,,,,,,,
502,bc_8,XXGPP_B_17_TBT_LSX0_OE_L_VDDEN2,bidir,X,501,1,Z,FALSE,TRUE,,XXGPP_B_17_TBT_LSX0_OE_L_VDDEN2,,TRUE
503,bc_1,*,control,1,,,,,,,,,
504,bc_8,XXGPP_B_16_TBT_LSX1_OE,bidir,X,503,1,Z,FALSE,TRUE,,XXGPP_B_16_TBT_LSX1_OE,,TRUE
505,bc_1,*,control,1,,,,,,,,,
506,bc_8,XXGPP_B_15_USB2_OC3_B,bidir,X,505,1,Z,FALSE,TRUE,,XXGPP_B_15_USB2_OC3_B,,TRUE
507,bc_1,*,control,1,,,,,,,,,
508,bc_8,XXGPP_B_14_USB2_OC2_B_DDSP_HPD4_DISP_MISC4,bidir,X,507,1,Z,FALSE,TRUE,,XXGPP_B_14_USB2_OC2_B_DDSP_HPD4_DISP_MISC4,,TRUE
509,bc_1,*,control,1,,,,,,,,,
510,bc_8,XXGPP_B_13_PLTRST_B,bidir,X,509,1,Z,FALSE,TRUE,,XXGPP_B_13_PLTRST_B,,TRUE
511,bc_1,*,control,1,,,,,,,,,
512,bc_8,XXGPP_B_12_SLP_S0_B,bidir,X,511,1,Z,FALSE,TRUE,,XXGPP_B_12_SLP_S0_B,,TRUE
513,bc_1,*,control,1,,,,,,,,,
514,bc_8,XXGPP_B_11_USB2_OC1_B_DDSP_HPD3_DISP_MISC3,bidir,X,513,1,Z,FALSE,TRUE,,XXGPP_B_11_USB2_OC1_B_DDSP_HPD3_DISP_MISC3,,TRUE
515,bc_1,*,control,1,,,,,,,,,
516,bc_8,XXGPP_B_10_DDSP_HPD2_DISP_MISC2,bidir,X,515,1,Z,FALSE,TRUE,,XXGPP_B_10_DDSP_HPD2_DISP_MISC2,,TRUE
517,bc_1,*,control,1,,,,,,,,,
518,bc_8,XXGPP_B_9_DDSP_HPD1_DISP_MISC1,bidir,X,517,1,Z,FALSE,TRUE,,XXGPP_B_9_DDSP_HPD1_DISP_MISC1,,TRUE
519,bc_1,*,control,1,,,,,,,,,
520,bc_8,XXGPP_B_8_BK_4_SBK_4_ISH_GP_4,bidir,X,519,1,Z,FALSE,TRUE,,XXGPP_B_8_BK_4_SBK_4_ISH_GP_4,,TRUE
521,bc_1,*,control,1,,,,,,,,,
522,bc_8,XXGPP_B_7_BK_3_SBK_3_ISH_GP_3,bidir,X,521,1,Z,FALSE,TRUE,,XXGPP_B_7_BK_3_SBK_3_ISH_GP_3,,TRUE
523,bc_1,*,control,1,,,,,,,,,
524,bc_8,XXGPP_B_6_BK_2_SBK_2_ISH_GP_2,bidir,X,523,1,Z,FALSE,TRUE,,XXGPP_B_6_BK_2_SBK_2_ISH_GP_2,,TRUE
525,bc_1,*,control,1,,,,,,,,,
526,bc_8,XXGPP_B_5_BK_1_SBK_1_ISH_GP_1,bidir,X,525,1,Z,FALSE,TRUE,,XXGPP_B_5_BK_1_SBK_1_ISH_GP_1,,TRUE
527,bc_1,*,control,1,,,,,,,,,
528,bc_8,XXGPP_B_4_BK_0_SBK_0_ISH_GP_0,bidir,X,527,1,Z,FALSE,TRUE,,XXGPP_B_4_BK_0_SBK_0_ISH_GP_0,,TRUE
529,bc_1,*,control,1,,,,,,,,,
530,bc_8,XXGPP_B_3_ISH_I2C0_SCL_ISH_I3C0_SCL_A_I2C2_SCL,bidir,X,529,1,Z,FALSE,TRUE,,XXGPP_B_3_ISH_I2C0_SCL_ISH_I3C0_SCL_A_I2C2_SCL,,TRUE
531,bc_1,*,control,1,,,,,,,,,
532,bc_8,XXGPP_B_2_ISH_I2C0_SDA_ISH_I3C0_SDA_A_I2C2_SDA,bidir,X,531,1,Z,FALSE,TRUE,,XXGPP_B_2_ISH_I2C0_SDA_ISH_I3C0_SDA_A_I2C2_SDA,,TRUE
533,bc_1,*,control,1,,,,,,,,,
534,bc_8,XXGPP_B_1_USBC_SMLDATA,bidir,X,533,1,Z,FALSE,TRUE,,XXGPP_B_1_USBC_SMLDATA,,TRUE
535,bc_1,*,control,1,,,,,,,,,
536,bc_8,XXGPP_B_0_USBC_SMLCLK,bidir,X,535,1,Z,FALSE,TRUE,,XXGPP_B_0_USBC_SMLCLK,,TRUE
537,bc_4,*,segment select,1,,,,,,,,,
538,bc_4,*,delay,0,,,,,,,,,
539,bc_1,*,control,1,,,,,,,,,
540,bc_8,XXSPI0_CLK,bidir,X,539,1,Z,FALSE,TRUE,,XXSPI0_CLK,,TRUE
541,bc_1,*,control,1,,,,,,,,,
542,bc_8,XXSPI0_FLASH_1_CS_B,bidir,X,541,1,Z,FALSE,TRUE,,XXSPI0_FLASH_1_CS_B,,TRUE
543,bc_1,*,control,1,,,,,,,,,
544,bc_8,XXSPI0_FLASH_0_CS_B,bidir,X,543,1,Z,FALSE,TRUE,,XXSPI0_FLASH_0_CS_B,,TRUE
545,bc_1,*,control,1,,,,,,,,,
546,bc_8,XXSPI0_TPM_CS_B,bidir,X,545,1,Z,FALSE,TRUE,,XXSPI0_TPM_CS_B,,TRUE
547,bc_1,*,control,1,,,,,,,,,
548,bc_8,XXSPI0_MISO_IO_1,bidir,X,547,1,Z,FALSE,TRUE,,XXSPI0_MISO_IO_1,,TRUE
549,bc_1,*,control,1,,,,,,,,,
550,bc_8,XXSPI0_MOSI_IO_0,bidir,X,549,1,Z,FALSE,TRUE,,XXSPI0_MOSI_IO_0,,TRUE
551,bc_1,*,control,1,,,,,,,,,
552,bc_8,XXSPI0_IO_3,bidir,X,551,1,Z,FALSE,TRUE,,XXSPI0_IO_3,,TRUE
553,bc_1,*,control,1,,,,,,,,,
554,bc_8,XXSPI0_IO_2,bidir,X,553,1,Z,FALSE,TRUE,,XXSPI0_IO_2,,TRUE
555,bc_1,*,control,1,,,,,,,,,
556,bc_8,XXGPP_A_17_ESPI_CS3_B,bidir,X,555,1,Z,FALSE,TRUE,,XXGPP_A_17_ESPI_CS3_B,,TRUE
557,bc_1,*,control,1,,,,,,,,,
558,bc_8,XXGPP_A_16_ESPI_CS2_B,bidir,X,557,1,Z,FALSE,TRUE,,XXGPP_A_16_ESPI_CS2_B,,TRUE
559,bc_1,*,control,1,,,,,,,,,
560,bc_8,XXGPP_A_15_DNX_FORCE_RELOAD,bidir,X,559,1,Z,FALSE,TRUE,,XXGPP_A_15_DNX_FORCE_RELOAD,,TRUE
561,bc_1,*,control,1,,,,,,,,,
562,bc_8,XXGPP_A_14_ADR_COMPLETE,bidir,X,561,1,Z,FALSE,TRUE,,XXGPP_A_14_ADR_COMPLETE,,TRUE
563,bc_1,*,control,1,,,,,,,,,
564,bc_8,XXGPP_A_13_ESPI_CS1_B,bidir,X,563,1,Z,FALSE,TRUE,,XXGPP_A_13_ESPI_CS1_B,,TRUE
565,bc_1,*,control,1,,,,,,,,,
566,bc_8,XXGPP_A_12,bidir,X,565,1,Z,FALSE,TRUE,,XXGPP_A_12,,TRUE
567,bc_1,*,control,1,,,,,,,,,
568,bc_8,XXGPP_A_11,bidir,X,567,1,Z,FALSE,TRUE,,XXGPP_A_11,,TRUE
569,bc_1,*,control,1,,,,,,,,,
570,bc_8,XXGPP_A_10_OSSE_SMLALERT_B,bidir,X,569,1,Z,FALSE,TRUE,,XXGPP_A_10_OSSE_SMLALERT_B,,TRUE
571,bc_1,*,control,1,,,,,,,,,
572,bc_8,XXGPP_A_9_OSSE_SMLDATA,bidir,X,571,1,Z,FALSE,TRUE,,XXGPP_A_9_OSSE_SMLDATA,,TRUE
573,bc_1,*,control,1,,,,,,,,,
574,bc_8,XXGPP_A_8_OSSE_SMLCLK,bidir,X,573,1,Z,FALSE,TRUE,,XXGPP_A_8_OSSE_SMLCLK,,TRUE
575,bc_1,*,control,1,,,,,,,,,
576,bc_8,XXGPP_A_7,bidir,X,575,1,Z,FALSE,TRUE,,XXGPP_A_7,,TRUE
577,bc_1,*,control,1,,,,,,,,,
578,bc_8,XXGPP_A_6_ESPI_RESET_B,bidir,X,577,1,Z,FALSE,TRUE,,XXGPP_A_6_ESPI_RESET_B,,TRUE
579,bc_1,*,control,1,,,,,,,,,
580,bc_8,XXGPP_A_5_ESPI_CLK,bidir,X,579,1,Z,FALSE,TRUE,,XXGPP_A_5_ESPI_CLK,,TRUE
581,bc_1,*,control,1,,,,,,,,,
582,bc_8,XXGPP_A_4_ESPI_CS0_B,bidir,X,581,1,Z,FALSE,TRUE,,XXGPP_A_4_ESPI_CS0_B,,TRUE
583,bc_1,*,control,1,,,,,,,,,
584,bc_8,XXGPP_A_3_ESPI_IO_3_PRIACK_B,bidir,X,583,1,Z,FALSE,TRUE,,XXGPP_A_3_ESPI_IO_3_PRIACK_B,,TRUE
585,bc_1,*,control,1,,,,,,,,,
586,bc_8,XXGPP_A_2_ESPI_IO_2_PRIPWRDNACK,bidir,X,585,1,Z,FALSE,TRUE,,XXGPP_A_2_ESPI_IO_2_PRIPWRDNACK,,TRUE
587,bc_1,*,control,1,,,,,,,,,
588,bc_8,XXGPP_A_1_ESPI_IO_1,bidir,X,587,1,Z,FALSE,TRUE,,XXGPP_A_1_ESPI_IO_1,,TRUE
589,bc_1,*,control,1,,,,,,,,,
590,bc_8,XXGPP_A_0_ESPI_IO_0,bidir,X,589,1,Z,FALSE,TRUE,,XXGPP_A_0_ESPI_IO_0,,TRUE
591,bc_1,*,control,1,,,,,,,,,
592,bc_8,XXGPP_H_24_ESPI_ALERT4_B,bidir,X,591,1,Z,FALSE,TRUE,,XXGPP_H_24_ESPI_ALERT4_B,,TRUE
593,bc_1,*,control,1,,,,,,,,,
594,bc_8,XXGPP_H_23_ESPI_CS4_B,bidir,X,593,1,Z,FALSE,TRUE,,XXGPP_H_23_ESPI_CS4_B,,TRUE
595,bc_1,*,control,1,,,,,,,,,
596,bc_8,XXGPP_H_22_I2C1_SCL_I3C1_SCL,bidir,X,595,1,Z,FALSE,TRUE,,XXGPP_H_22_I2C1_SCL_I3C1_SCL,,TRUE
597,bc_1,*,control,1,,,,,,,,,
598,bc_8,XXGPP_H_21_I2C1_SDA_I3C1_SDA,bidir,X,597,1,Z,FALSE,TRUE,,XXGPP_H_21_I2C1_SDA_I3C1_SDA,,TRUE
599,bc_1,*,control,1,,,,,,,,,
600,bc_8,XXGPP_H_20_I2C0_SCL_I3C0_SCL,bidir,X,599,1,Z,FALSE,TRUE,,XXGPP_H_20_I2C0_SCL_I3C0_SCL,,TRUE
601,bc_1,*,control,1,,,,,,,,,
602,bc_8,XXGPP_H_19_I2C0_SDA_I3C0_SDA,bidir,X,601,1,Z,FALSE,TRUE,,XXGPP_H_19_I2C0_SDA_I3C0_SDA,,TRUE
603,bc_1,*,control,1,,,,,,,,,
604,bc_8,XXGPP_H_18,bidir,X,603,1,Z,FALSE,TRUE,,XXGPP_H_18,,TRUE
605,bc_1,*,control,1,,,,,,,,,
606,bc_8,XXGPP_H_17_MIC_MUTE_LED,bidir,X,605,1,Z,FALSE,TRUE,,XXGPP_H_17_MIC_MUTE_LED,,TRUE
607,bc_1,*,control,1,,,,,,,,,
608,bc_8,XXGPP_H_16_TBT_LSX2_OE_PCIE_LNK_DOWN,bidir,X,607,1,Z,FALSE,TRUE,,XXGPP_H_16_TBT_LSX2_OE_PCIE_LNK_DOWN,,TRUE
609,bc_1,*,control,1,,,,,,,,,
610,bc_8,XXGPP_H_15_ISH_UART1_TXD_A_UART1_TXD_ISH_I2C1_SCL_ISH_I3C1_SCL,bidir,X,609,1,Z,FALSE,TRUE,,XXGPP_H_15_ISH_UART1_TXD_A_UART1_TXD_ISH_I2C1_SCL_ISH_I3C1_SCL,,TRUE
611,bc_1,*,control,1,,,,,,,,,
612,bc_8,XXGPP_H_14_ISH_UART1_RXD_A_UART1_RXD_ISH_I2C1_SDA_ISH_I3C1_SDA,bidir,X,611,1,Z,FALSE,TRUE,,XXGPP_H_14_ISH_UART1_RXD_A_UART1_RXD_ISH_I2C1_SDA_ISH_I3C1_SDA,,TRUE
613,bc_1,*,control,1,,,,,,,,,
614,bc_8,XXGPP_H_13_CPU_C10_GATE_B,bidir,X,613,1,Z,FALSE,TRUE,,XXGPP_H_13_CPU_C10_GATE_B,,TRUE
615,bc_1,*,control,1,,,,,,,,,
616,bc_8,XXGPP_H_12,bidir,X,615,1,Z,FALSE,TRUE,,XXGPP_H_12,,TRUE
617,bc_1,*,control,1,,,,,,,,,
618,bc_8,XXGPP_H_11_UART0_CTS_B_A_I3C1_SCL_A_ISH_GP_11,bidir,X,617,1,Z,FALSE,TRUE,,XXGPP_H_11_UART0_CTS_B_A_I3C1_SCL_A_ISH_GP_11,,TRUE
619,bc_1,*,control,1,,,,,,,,,
620,bc_8,XXGPP_H_10_UART0_RTS_B_A_I3C1_SDA_A_ISH_GP_10,bidir,X,619,1,Z,FALSE,TRUE,,XXGPP_H_10_UART0_RTS_B_A_I3C1_SDA_A_ISH_GP_10,,TRUE
621,bc_1,*,control,1,,,,,,,,,
622,bc_8,XXGPP_H_9_UART0_TXD,bidir,X,621,1,Z,FALSE,TRUE,,XXGPP_H_9_UART0_TXD,,TRUE
623,bc_1,*,control,1,,,,,,,,,
624,bc_8,XXGPP_H_8_UART0_RXD,bidir,X,623,1,Z,FALSE,TRUE,,XXGPP_H_8_UART0_RXD,,TRUE
625,bc_1,*,control,1,,,,,,,,,
626,bc_8,XXGPP_H_7_I2C3_SCL_UART1_TXD_A_ISH_UART1_TXD,bidir,X,625,1,Z,FALSE,TRUE,,XXGPP_H_7_I2C3_SCL_UART1_TXD_A_ISH_UART1_TXD,,TRUE
627,bc_1,*,control,1,,,,,,,,,
628,bc_8,XXGPP_H_6_I2C3_SDA_UART1_RXD_A_ISH_UART1_RXD,bidir,X,627,1,Z,FALSE,TRUE,,XXGPP_H_6_I2C3_SDA_UART1_RXD_A_ISH_UART1_RXD,,TRUE
629,bc_1,*,control,1,,,,,,,,,
630,bc_8,XXGPP_H_5_I2C2_SCL_CNV_MFUART2_TXD,bidir,X,629,1,Z,FALSE,TRUE,,XXGPP_H_5_I2C2_SCL_CNV_MFUART2_TXD,,TRUE
631,bc_1,*,control,1,,,,,,,,,
632,bc_8,XXGPP_H_4_I2C2_SDA_CNV_MFUART2_RXD,bidir,X,631,1,Z,FALSE,TRUE,,XXGPP_H_4_I2C2_SDA_CNV_MFUART2_RXD,,TRUE
633,bc_1,*,control,1,,,,,,,,,
634,bc_8,XXGPP_H_3_MIC_MUTE,bidir,X,633,1,Z,FALSE,TRUE,,XXGPP_H_3_MIC_MUTE,,TRUE
635,bc_1,*,control,1,,,,,,,,,
636,bc_8,XXGPP_H_2,bidir,X,635,1,Z,FALSE,TRUE,,XXGPP_H_2,,TRUE
637,bc_1,*,control,1,,,,,,,,,
638,bc_8,XXGPP_H_1,bidir,X,637,1,Z,FALSE,TRUE,,XXGPP_H_1,,TRUE
639,bc_1,*,control,1,,,,,,,,,
640,bc_8,XXGPP_H_0,bidir,X,639,1,Z,FALSE,TRUE,,XXGPP_H_0,,TRUE
641,bc_1,*,control,1,,,,,,,,,
642,bc_8,XXDDSP_HPDALV,bidir,X,641,1,Z,FALSE,TRUE,,XXDDSP_HPDALV,,TRUE
643,bc_1,*,control,1,,,,,,,,,
644,bc_8,XXPREQ_B,bidir,X,643,1,Z,FALSE,TRUE,,XXPREQ_B,,TRUE
645,bc_1,*,control,1,,,,,,,,,
646,bc_8,XXPRDY_B,bidir,X,645,1,Z,FALSE,TRUE,,XXPRDY_B,,TRUE
647,bc_1,*,control,1,,,,,,,,,
648,bc_8,XXJTAG_MBPB3,bidir,X,647,1,Z,FALSE,TRUE,,XXJTAG_MBPB3,,TRUE
649,bc_1,*,control,1,,,,,,,,,
650,bc_8,XXJTAG_MBPB2,bidir,X,649,1,Z,FALSE,TRUE,,XXJTAG_MBPB2,,TRUE
651,bc_1,*,control,1,,,,,,,,,
652,bc_8,XXJTAG_MBPB1,bidir,X,651,1,Z,FALSE,TRUE,,XXJTAG_MBPB1,,TRUE
653,bc_1,*,control,1,,,,,,,,,
654,bc_8,XXJTAG_MBPB0,bidir,X,653,1,Z,FALSE,TRUE,,XXJTAG_MBPB0,,TRUE
655,bc_4,*,segment select,1,,,,,,,,,
656,bc_4,*,delay,0,,,,,,,,,
